"gene_id","symbol"
"100038859","Olfr55"
"100038860","Olfr239"
"100038882","Isg15"
"100038909","Gm14548"
"100038947","Sirpb1c"
"100038993","Gm2002"
"100039053","Gm2023"
"100039815","Gm2436"
"100039830","Gm2446"
"100039863","Gm13306"
"100039939","Gm2506"
"100040048","Ccl27b"
"100040268","Olfr157"
"100040843","Cyp4a32"
"100041146","Gm15448"
"100041187","Olfr596"
"100041504","LOC100041504"
"100041579","Gm20878"
"100041593","LOC100041593"
"100042025","Gapdh-ps15"
"100042150","Nrg2"
"100042493","Ccl21b"
"100042555","Gm13305"
"100042690","Olfr1565"
"100043200","Olfr819"
"100043456","Gm10681"
"100043474","Olfr1564"
"100043507","Gng5-ps"
"100043674","Rbx1-ps"
"100502876","Kcnmb3"
"100503710","Gm5741"
"100504239","Gm10591"
"100504346","Gm13304"
"100504362","Gm1987"
"100504404","H2-Ea-ps"
"100529082","Gm11127"
"100705","Acacb"
"100861969","LOC100861969"
"100861978","LOC100861978"
"100862177","Gm21541"
"100862247","Gm21586"
"101314","Brk1"
"101540","Prkd2"
"101543","Wtip"
"102093","Phkb"
"102626","Mapkapk3"
"103213","Traf3ip2"
"103236","Csnk1g2"
"103583","Fbxw11"
"103806","Maml1"
"103967","Dnm3"
"103968","Plin1"
"103988","Gck"
"104086","Cyp27a1"
"104099","Itga9"
"104110","Adcy4"
"104111","Adcy3"
"104215","Rhoq"
"104318","Csnk1d"
"104394","E2f4"
"104570","Ppp4r3b"
"105244208","Rps6-ps4"
"105651","Ppp1r3e"
"105675","Ppif"
"105782","Scrib"
"105787","Prkaa1"
"105844","Card10"
"105855","Nckap1l"
"105980076","Gm45929"
"105988","Espl1"
"106025","Sharpin"
"106042","Prickle1"
"106407","Slc51a"
"106628","Trip10"
"106759","Ticam1"
"106952","Arap3"
"107448","Unc5a"
"107449","Unc5b"
"107476","Acaca"
"107589","Mylk"
"107607","Nod1"
"107746","Rapgef1"
"107831","Adgrb1"
"107986","Ddb2"
"107995","Cdc20"
"108015","Chrnb4"
"108017","Fxyd4"
"108058","Camk2d"
"108068","Grm2"
"108069","Grm3"
"108071","Grm5"
"108072","Grm6"
"108073","Grm7"
"108078","Olr1"
"108079","Prkaa2"
"108083","Pip4k2b"
"108096","Slco1a5"
"108097","Prkab2"
"108099","Prkag2"
"108100","Baiap2"
"108101","Fermt3"
"108151","Sema3d"
"108664","Atp6v1h"
"108723","Card11"
"108960","Irak2"
"109305","Orai1"
"109333","Pkn2"
"109624","Cald1"
"109648","Npy"
"109689","Arrb1"
"109700","Itga1"
"109711","Actn1"
"109821","F11"
"109880","Braf"
"109905","Rap1a"
"110078","Pygb"
"110094","Phka2"
"110095","Pygl"
"110115","Cyp11b1"
"110135","Fgb"
"110147","Ehmt2"
"110157","Raf1"
"110326","Tas1r1"
"110351","Rap1gap"
"110355","Grk2"
"110379","Sec13"
"110385","Pde4c"
"110511","Olfr153"
"110542","Amhr2"
"110557","H2-Q6"
"110558","H2-Q9"
"110637","Grik4"
"110651","Rps6ka3"
"110696","H2-M10.3"
"110784","Nr3c2"
"110834","Chrna3"
"110876","Scn2a"
"110886","Gabra5"
"110891","Slc8a2"
"110893","Slc8a3"
"110935","Atp6v1b1"
"110957","D1Pas1"
"112405","Egln1"
"112406","Egln2"
"112407","Egln3"
"11350","Abl1"
"11352","Abl2"
"11363","Acadl"
"11364","Acadm"
"113868","Acaa1a"
"11418","Asic2"
"11419","Asic1"
"11430","Acox1"
"11431","Acp1"
"11438","Chrna4"
"11440","Chrna6"
"11441","Chrna7"
"11444","Chrnb2"
"11450","Adipoq"
"11461","Actb"
"11464","Actc1"
"11465","Actg1"
"114671","4930444G20Rik"
"11468","Actg2"
"114713","Rasa2"
"11475","Acta2"
"11477","Acvr1"
"11479","Acvr1b"
"11480","Acvr2a"
"11481","Acvr2b"
"114875","Plcz1"
"11491","Adam17"
"11512","Adcy6"
"11513","Adcy7"
"11514","Adcy8"
"11515","Adcy9"
"11516","Adcyap1"
"11517","Adcyap1r1"
"11520","Plin2"
"11537","Cfd"
"11539","Adora1"
"11540","Adora2a"
"11541","Adora2b"
"11542","Adora3"
"11545","Parp1"
"11546","Parp2"
"11548","Adra1b"
"11549","Adra1a"
"11550","Adra1d"
"11551","Adra2a"
"11552","Adra2b"
"11553","Adra2c"
"11554","Adrb1"
"11555","Adrb2"
"11556","Adrb3"
"11576","Afp"
"11600","Angpt1"
"11601","Angpt2"
"11602","Angpt4"
"11604","Agrp"
"11607","Agtr1a"
"11608","Agtr1b"
"11609","Agtr2"
"11651","Akt1"
"11652","Akt2"
"11674","Aldoa"
"116838","Rims2"
"117004","Olfr73"
"117005","Olfr74"
"11705","Amh"
"117149","Tirap"
"117150","Pip4k2c"
"11739","Slc25a4"
"11740","Slc25a5"
"117600","Srgap1"
"117606","Boc"
"11761","Aox1"
"11770","Fabp4"
"11783","Apaf1"
"11789","Apc"
"11793","Atg5"
"11796","Birc3"
"11797","Birc2"
"11798","Xiap"
"11799","Birc5"
"11806","Apoa1"
"11807","Apoa2"
"11814","Apoc3"
"11826","Aqp1"
"11827","Aqp2"
"11830","Aqp5"
"11832","Aqp7"
"11835","Ar"
"11836","Araf"
"11839","Areg"
"11840","Arf1"
"11845","Arf6"
"11848","Rhoa"
"11854","Rhod"
"11855","Arhgap5"
"11857","Arhgdib"
"11863","Arnt"
"11865","Arntl"
"11867","Arpc1b"
"11905","Serpinc1"
"11908","Atf1"
"11909","Atf2"
"11911","Atf4"
"11920","Atm"
"11928","Atp1a1"
"11931","Atp1b1"
"11932","Atp1b2"
"11933","Atp1b3"
"11936","Fxyd2"
"11937","Atp2a1"
"11938","Atp2a2"
"11941","Atp2b2"
"11964","Atp6v1a"
"11966","Atp6v1b2"
"11973","Atp6v1e1"
"11998","Avp"
"12000","Avpr2"
"12005","Axin1"
"12006","Axin2"
"12015","Bad"
"12018","Bak1"
"12028","Bax"
"12042","Bcl10"
"12043","Bcl2"
"12044","Bcl2a1a"
"12045","Bcl2a1b"
"12046","Bcl2a1c"
"12047","Bcl2a1d"
"12048","Bcl2l1"
"12053","Bcl6"
"12061","Bdkrb1"
"12062","Bdkrb2"
"12064","Bdnf"
"12070","Bex3"
"12122","Bid"
"12123","Hrk"
"12125","Bcl2l11"
"12145","Cxcr5"
"12156","Bmp2"
"12159","Bmp4"
"12160","Bmp5"
"12161","Bmp6"
"12162","Bmp7"
"12163","Bmp8a"
"12164","Bmp8b"
"12166","Bmpr1a"
"12167","Bmpr1b"
"12168","Bmpr2"
"12176","Bnip3"
"12182","Bst1"
"12192","Zfp36l1"
"12193","Zfp36l2"
"12223","Btc"
"12229","Btk"
"12234","Btrc"
"12235","Bub1"
"12236","Bub1b"
"12237","Bub3"
"12258","Serping1"
"12259","C1qa"
"12260","C1qb"
"12262","C1qc"
"12263","C2"
"12265","Ciita"
"12266","C3"
"12268","C4b"
"12283","Cab39"
"12286","Cacna1a"
"12287","Cacna1b"
"12288","Cacna1c"
"12289","Cacna1d"
"12290","Cacna1e"
"12291","Cacna1g"
"12292","Cacna1s"
"12293","Cacna2d1"
"12294","Cacna2d3"
"12295","Cacnb1"
"12296","Cacnb2"
"12297","Cacnb3"
"12298","Cacnb4"
"12299","Cacng1"
"12300","Cacng2"
"12307","Calb1"
"12313","Calm1"
"12314","Calm2"
"12315","Calm3"
"12322","Camk2a"
"12323","Camk2b"
"12325","Camk2g"
"12326","Camk4"
"12333","Capn1"
"12334","Capn2"
"12359","Cat"
"12362","Casp1"
"12363","Casp4"
"12364","Casp12"
"12366","Casp2"
"12367","Casp3"
"12368","Casp6"
"12369","Casp7"
"12370","Casp8"
"12371","Casp9"
"12374","Casr"
"12385","Ctnna1"
"12386","Ctnna2"
"12387","Ctnnb1"
"12388","Ctnnd1"
"12389","Cav1"
"12390","Cav2"
"12391","Cav3"
"12402","Cbl"
"12421","Rb1cc1"
"12425","Cckar"
"12426","Cckbr"
"12427","Ccna1"
"12428","Ccna2"
"12442","Ccnb2"
"12443","Ccnd1"
"12444","Ccnd2"
"12445","Ccnd3"
"12447","Ccne1"
"12448","Ccne2"
"12450","Ccng1"
"12452","Ccng2"
"12458","Ccr6"
"12475","Cd14"
"12477","Ctla4"
"12478","Cd19"
"12483","Cd22"
"12487","Cd28"
"12491","Cd36"
"12494","Cd38"
"12501","Cd3e"
"12503","Cd247"
"12504","Cd4"
"12506","Cd48"
"12517","Cd72"
"12518","Cd79a"
"12519","Cd80"
"12521","Cd82"
"12524","Cd86"
"12525","Cd8a"
"12526","Cd8b1"
"12530","Cdc25a"
"12531","Cdc25b"
"12532","Cdc25c"
"12534","Cdk1"
"12539","Cdc37"
"12540","Cdc42"
"12544","Cdc45"
"12545","Cdc7"
"12550","Cdh1"
"12562","Cdh5"
"12566","Cdk2"
"12567","Cdk4"
"12568","Cdk5"
"12571","Cdk6"
"12572","Cdk7"
"12575","Cdkn1a"
"12576","Cdkn1b"
"12577","Cdkn1c"
"12578","Cdkn2a"
"12579","Cdkn2b"
"12580","Cdkn2c"
"12581","Cdkn2d"
"12608","Cebpb"
"12622","Cer1"
"12631","Cfl1"
"12632","Cfl2"
"12633","Cflar"
"12638","Cftr"
"12640","Cga"
"12643","Chad"
"12649","Chek1"
"12667","Chrd"
"12669","Chrm1"
"12671","Chrm3"
"12672","Chrm4"
"12675","Chuk"
"12700","Cish"
"12702","Socs3"
"12703","Socs1"
"12722","Clca3a1"
"12753","Clock"
"12765","Cxcr2"
"12766","Cxcr3"
"12767","Cxcr4"
"12768","Ccr1"
"12769","Ccr9"
"12770","Ccr1l1"
"12771","Ccr3"
"12772","Ccr2"
"12773","Ccr4"
"12774","Ccr5"
"12775","Ccr7"
"12776","Ccr8"
"12777","Ccr10"
"12780","Abcc2"
"12788","Cnga1"
"12789","Cnga2"
"12790","Cnga3"
"12795","Plk3"
"12796","Camp"
"12801","Cnr1"
"12803","Cntf"
"12804","Cntfr"
"12824","Col2a1"
"12825","Col3a1"
"12826","Col4a1"
"12827","Col4a2"
"12828","Col4a3"
"12829","Col4a4"
"12830","Col4a5"
"12833","Col6a1"
"12834","Col6a2"
"12835","Col6a3"
"12839","Col9a1"
"12840","Col9a2"
"12841","Col9a3"
"12842","Col1a1"
"12843","Col1a2"
"12845","Comp"
"12877","Cpeb1"
"12894","Cpt1a"
"12895","Cpt1b"
"12896","Cpt2"
"12912","Creb1"
"12913","Creb3"
"12914","Crebbp"
"12915","Atf6b"
"12916","Crem"
"12927","Bcar1"
"12928","Crk"
"12929","Crkl"
"12934","Dpysl2"
"12952","Cry1"
"12953","Cry2"
"12955","Cryab"
"12977","Csf1"
"12978","Csf1r"
"12981","Csf2"
"12982","Csf2ra"
"12983","Csf2rb"
"12984","Csf2rb2"
"12985","Csf3"
"12986","Csf3r"
"12991","Csn2"
"12995","Csnk2a1"
"13000","Csnk2a2"
"13001","Csnk2b"
"13006","Smc3"
"13016","Ctbp1"
"13017","Ctbp2"
"13019","Ctf1"
"13030","Ctsb"
"13032","Ctsc"
"13033","Ctsd"
"13036","Ctsh"
"13038","Ctsk"
"13039","Ctsl"
"13040","Ctss"
"13041","Ctsw"
"13043","Cttn"
"13051","Cx3cr1"
"13057","Cyba"
"13058","Cybb"
"13063","Cycs"
"13067","Cyct"
"13074","Cyp17a1"
"13075","Cyp19a1"
"13117","Cyp4a10"
"13118","Cyp4a12b"
"13119","Cyp4a14"
"13122","Cyp7a1"
"13124","Cyp8b1"
"13162","Slc6a3"
"13163","Daxx"
"13167","Dbi"
"13176","Dcc"
"13179","Dcn"
"13190","Dct"
"13196","Asap1"
"13197","Gadd45a"
"13198","Ddit3"
"13205","Ddx3x"
"13347","Dffa"
"13363","Dhh"
"13367","Diaph1"
"13380","Dkk1"
"13383","Dlg1"
"13385","Dlg4"
"13388","Dll1"
"13389","Dll3"
"13429","Dnm1"
"13430","Dnm2"
"13488","Drd1"
"13489","Drd2"
"13490","Drd3"
"13491","Drd4"
"13492","Drd5"
"13537","Dusp2"
"13542","Dvl1"
"13543","Dvl2"
"13544","Dvl3"
"13555","E2f1"
"13557","E2f3"
"13559","E2f5"
"13590","Lefty1"
"13609","S1pr1"
"13610","S1pr3"
"13611","S1pr4"
"13614","Edn1"
"13617","Ednra"
"13618","Ednrb"
"13629","Eef2"
"13631","Eef2k"
"13636","Efna1"
"13637","Efna2"
"13638","Efna3"
"13639","Efna4"
"13640","Efna5"
"13641","Efnb1"
"13642","Efnb2"
"13643","Efnb3"
"13645","Egf"
"13646","Klk1b22"
"13648","Klk1b9"
"13649","Egfr"
"13663","Ei24"
"13665","Eif2s1"
"13666","Eif2ak3"
"13684","Eif4e"
"13685","Eif4ebp1"
"13688","Eif4ebp2"
"13711","Elf5"
"13712","Elk1"
"13714","Elk4"
"13800","Enah"
"13806","Eno1"
"13807","Eno2"
"13808","Eno3"
"13835","Epha1"
"13836","Epha2"
"13837","Epha3"
"13838","Epha4"
"13839","Epha5"
"13840","Epha6"
"13841","Epha7"
"13842","Epha8"
"13844","Ephb2"
"13845","Ephb3"
"13846","Ephb4"
"13848","Ephb6"
"13856","Epo"
"13857","Epor"
"13866","Erbb2"
"13867","Erbb3"
"13869","Erbb4"
"13874","Ereg"
"13982","Esr1"
"13983","Esr2"
"14013","Mecom"
"140491","Ppp1r3a"
"140557","Smc1b"
"140570","Plxnb2"
"140571","Plxnb3"
"140579","Elmo2"
"14058","F10"
"140580","Elmo1"
"14060","F13b"
"14061","F2"
"14062","F2r"
"14063","F2rl1"
"14064","F2rl2"
"14065","F2rl3"
"14066","F3"
"14067","F5"
"14068","F7"
"14069","F8"
"14071","F9"
"140723","Cacng5"
"140742","Sesn1"
"14077","Fabp3"
"140781","Myh7"
"14080","Fabp1"
"14081","Acsl1"
"14082","Fadd"
"14083","Ptk2"
"14102","Fas"
"14103","Fasl"
"14104","Fasn"
"14120","Fbp2"
"14121","Fbp1"
"14125","Fcer1a"
"14126","Ms4a2"
"14127","Fcer1g"
"14129","Fcgr1"
"14130","Fcgr2b"
"14131","Fcgr3"
"14158","Fer"
"14159","Fes"
"14161","Fga"
"14163","Fgd1"
"14164","Fgf1"
"14165","Fgf10"
"14166","Fgf11"
"14167","Fgf12"
"14168","Fgf13"
"14169","Fgf14"
"14170","Fgf15"
"14171","Fgf17"
"14172","Fgf18"
"14173","Fgf2"
"14174","Fgf3"
"14175","Fgf4"
"14176","Fgf5"
"14177","Fgf6"
"14178","Fgf7"
"14179","Fgf8"
"14180","Fgf9"
"14182","Fgfr1"
"14183","Fgfr2"
"14184","Fgfr3"
"14186","Fgfr4"
"14191","Fgr"
"14199","Fhl1"
"14200","Fhl2"
"14205","Vegfd"
"14219","Ccn2"
"14235","Foxm1"
"14254","Flt1"
"14257","Flt4"
"14268","Fn1"
"14270","Srgap2"
"14281","Fos"
"14282","Fosb"
"14283","Fosl1"
"14284","Fosl2"
"14293","Fpr1"
"14296","Frat1"
"142980","Tlr3"
"14308","Fshb"
"14309","Fshr"
"14313","Fst"
"14357","Dtx1"
"14360","Fyn"
"14362","Fzd1"
"14365","Fzd3"
"14366","Fzd4"
"14367","Fzd5"
"14368","Fzd6"
"14369","Fzd7"
"14370","Fzd8"
"14371","Fzd9"
"14377","G6pc"
"14378","G6pc2"
"14388","Gab1"
"14389","Gab2"
"14394","Gabra1"
"14395","Gabra2"
"14396","Gabra3"
"14397","Gabra4"
"14399","Gabra6"
"14400","Gabrb1"
"14401","Gabrb2"
"14402","Gabrb3"
"14403","Gabrd"
"14404","Gabre"
"14405","Gabrg1"
"14406","Gabrg2"
"14407","Gabrg3"
"14408","Gabrr1"
"14409","Gabrr2"
"14430","Galt"
"14433","Gapdh"
"14451","Gas1"
"14459","Gast"
"14463","Gata4"
"14526","Gcg"
"14527","Gcgr"
"14534","Kat2a"
"14563","Gdf5"
"14570","Arhgdig"
"14580","Gfap"
"14599","Gh"
"14600","Ghr"
"14607","Gip"
"14609","Gja1"
"14617","Gjd2"
"14626","Gk2"
"14632","Gli1"
"14633","Gli2"
"14634","Gli3"
"14652","Glp1r"
"14672","Gna11"
"14673","Gna12"
"14674","Gna13"
"14677","Gnai1"
"14678","Gnai2"
"14679","Gnai3"
"14680","Gnal"
"14681","Gnao1"
"14682","Gnaq"
"14683","Gnas"
"14688","Gnb1"
"14693","Gnb2"
"14695","Gnb3"
"14696","Gnb4"
"14697","Gnb5"
"14699","Gngt1"
"14700","Gng10"
"14701","Gng12"
"14702","Gng2"
"14704","Gng3"
"14706","Gng4"
"14707","Gng5"
"14708","Gng7"
"14709","Gng8"
"14710","Gngt2"
"14714","Gnrh1"
"14715","Gnrhr"
"14723","Gp1ba"
"14724","Gp1bb"
"14725","Lrp2"
"14728","Lilrb4a"
"14729","Gp5"
"14739","S1pr2"
"14745","Lpar1"
"14772","Grk4"
"14773","Grk5"
"14783","Grb10"
"14784","Grb2"
"14799","Gria1"
"14800","Gria2"
"14802","Gria4"
"14805","Grik1"
"14806","Grik2"
"14807","Grik3"
"14809","Grik5"
"14810","Grin1"
"14811","Grin2a"
"14812","Grin2b"
"14813","Grin2c"
"14814","Grin2d"
"14816","Grm1"
"14823","Grm8"
"14825","Cxcl1"
"14886","Gtf2i"
"14918","Gucy2d"
"14919","Gucy2e"
"14924","Magi1"
"14933","Gk"
"14936","Gys1"
"14939","Gzmb"
"14960","H2-Aa"
"14961","H2-Ab1"
"14962","Cfb"
"14963","H2-Bl"
"14964","H2-D1"
"14969","H2-Eb1"
"14972","H2-K1"
"14980","H2-L"
"14985","H2-M10.1"
"14990","H2-M2"
"14991","H2-M3"
"14997","H2-M9"
"14998","H2-DMa"
"14999","H2-DMb1"
"15000","H2-DMb2"
"15001","H2-Oa"
"15002","H2-Ob"
"15006","H2-Q1"
"15007","H2-Q10"
"15013","H2-Q2"
"15015","H2-Q4"
"15018","H2-Q7"
"15019","H2-Q8"
"15024","H2-T10"
"15033","H2-T18"
"15039","H2-T22"
"15040","H2-T23"
"15042","H2-T24"
"15043","H2-T3"
"15051","H2-T9"
"15101","H60a"
"15160","Serpind1"
"15162","Hck"
"15163","Hcls1"
"15166","Hcn2"
"15170","Ptpn6"
"15182","Hdac2"
"15200","Hbegf"
"15205","Hes1"
"15208","Hes5"
"15234","Hgf"
"15245","Hhip"
"15251","Hif1a"
"15257","Hipk1"
"15258","Hipk2"
"15259","Hipk3"
"15275","Hk1"
"15277","Hk2"
"15357","Hmgcr"
"15360","Hmgcs2"
"15368","Hmox1"
"15370","Nr4a1"
"15376","Foxa2"
"15378","Hnf4a"
"15461","Hras"
"15465","Hrh1"
"15466","Hrh2"
"15469","Prmt1"
"15481","Hspa8"
"15482","Hspa1l"
"15485","Hsd17b1"
"15486","Hsd17b2"
"15490","Hsd17b7"
"15492","Hsd3b1"
"15493","Hsd3b2"
"15495","Hsd3b4"
"15496","Hsd3b5"
"15497","Hsd3b6"
"15507","Hspb1"
"15511","Hspa1b"
"15512","Hspa2"
"15516","Hsp90ab1"
"15519","Hsp90aa1"
"15550","Htr1a"
"15551","Htr1b"
"15552","Htr1d"
"15557","Htr1f"
"15558","Htr2a"
"15559","Htr2b"
"15560","Htr2c"
"15561","Htr3a"
"15562","Htr4"
"15563","Htr5a"
"15564","Htr5b"
"15565","Htr6"
"15566","Htr7"
"15568","Elavl1"
"15574","Hus1"
"15891","Ibsp"
"15894","Icam1"
"15896","Icam2"
"15901","Id1"
"15902","Id2"
"15903","Id3"
"15904","Id4"
"15945","Cxcl10"
"15951","Ifi204"
"15962","Ifna1"
"15964","Ifna11"
"15965","Ifna2"
"15967","Ifna4"
"15968","Ifna5"
"15969","Ifna6"
"15970","Ifna7"
"15972","Ifna9"
"15974","Ifnab"
"15975","Ifnar1"
"15976","Ifnar2"
"15977","Ifnb1"
"15978","Ifng"
"15979","Ifngr1"
"15980","Ifngr2"
"15985","Cd79b"
"16000","Igf1"
"16001","Igf1r"
"16009","Igfbp3"
"16147","Ihh"
"16149","Cd74"
"16150","Ikbkb"
"16151","Ikbkg"
"16153","Il10"
"16154","Il10ra"
"16155","Il10rb"
"16156","Il11"
"16157","Il11ra1"
"16158","Il11ra2"
"16159","Il12a"
"16160","Il12b"
"16161","Il12rb1"
"16162","Il12rb2"
"16163","Il13"
"16164","Il13ra1"
"16165","Il13ra2"
"16168","Il15"
"16169","Il15ra"
"16173","Il18"
"16175","Il1a"
"16176","Il1b"
"16177","Il1r1"
"16178","Il1r2"
"16179","Irak1"
"16180","Il1rap"
"16183","Il2"
"16184","Il2ra"
"16185","Il2rb"
"16186","Il2rg"
"16187","Il3"
"16188","Il3ra"
"16189","Il4"
"16190","Il4ra"
"16191","Il5"
"16192","Il5ra"
"16193","Il6"
"16194","Il6ra"
"16195","Il6st"
"16196","Il7"
"16197","Il7r"
"16198","Il9"
"16199","Il9r"
"16202","Ilk"
"16323","Inhba"
"16324","Inhbb"
"16325","Inhbc"
"16326","Inhbe"
"16332","Inppl1"
"16333","Ins1"
"16334","Ins2"
"16337","Insr"
"16348","Invs"
"16362","Irf1"
"16367","Irs1"
"16369","Irs3"
"16370","Irs4"
"16391","Irf9"
"16396","Itch"
"16398","Itga2"
"16399","Itga2b"
"16400","Itga3"
"16401","Itga4"
"16402","Itga5"
"16403","Itga6"
"16404","Itga7"
"16407","Itgae"
"16408","Itgal"
"16409","Itgam"
"16410","Itgav"
"16411","Itgax"
"16412","Itgb1"
"16414","Itgb2"
"16415","Itgb2l"
"16416","Itgb3"
"16419","Itgb5"
"16420","Itgb6"
"16421","Itgb7"
"16428","Itk"
"16438","Itpr1"
"16439","Itpr2"
"16440","Itpr3"
"16449","Jag1"
"16450","Jag2"
"16451","Jak1"
"16452","Jak2"
"16453","Jak3"
"16475","Ajuba"
"16476","Jun"
"16477","Junb"
"16478","Jund"
"16509","Kcne1"
"16513","Kcnj10"
"16515","Kcnj12"
"16516","Kcnj15"
"16517","Kcnj16"
"16518","Kcnj2"
"16519","Kcnj3"
"16520","Kcnj4"
"16521","Kcnj5"
"16522","Kcnj6"
"16523","Kcnj8"
"16524","Kcnj9"
"16527","Kcnk3"
"16529","Kcnk5"
"16531","Kcnma1"
"16532","Kcnu1"
"16533","Kcnmb1"
"16534","Kcnn4"
"16535","Kcnq1"
"16542","Kdr"
"16568","Kif3a"
"16572","Kif5a"
"16573","Kif5b"
"16574","Kif5c"
"16576","Kif7"
"16590","Kit"
"16591","Kl"
"16598","Klf2"
"16612","Klk1"
"16613","Klk1b11"
"16616","Klk1b21"
"16617","Klk1b24"
"16618","Klk1b26"
"16621","Klkb1"
"16622","Klk1b5"
"16623","Klk1b1"
"16624","Klk1b8"
"16627","Klra1"
"16634","Klra3"
"16635","Klra4"
"16638","Klra7"
"16640","Klra9"
"16641","Klrc1"
"16642","Klrc2"
"16643","Klrd1"
"16644","Kng1"
"16653","Kras"
"16706","Ksr1"
"16728","L1cam"
"16765","Stmn1"
"16772","Lama1"
"16773","Lama2"
"16774","Lama3"
"16775","Lama4"
"16776","Lama5"
"16777","Lamb1"
"16779","Lamb2"
"16780","Lamb3"
"16782","Lamc2"
"16797","Lat"
"16798","Lats1"
"16801","Arhgef1"
"16818","Lck"
"16822","Lcp2"
"16828","Ldha"
"16842","Lef1"
"16846","Lep"
"16847","Lepr"
"16848","Lfng"
"16866","Lhb"
"16867","Lhcgr"
"16878","Lif"
"16880","Lifr"
"16885","Limk1"
"16886","Limk2"
"16890","Lipe"
"16897","Llgl1"
"16905","Lmna"
"16906","Lmnb1"
"16907","Lmnb2"
"16923","Sh2b3"
"16956","Lpl"
"16973","Lrp5"
"16974","Lrp6"
"16992","Lta"
"16994","Ltb"
"17000","Ltbr"
"170483","Grin3b"
"17060","Blnk"
"170639","Olfr78"
"170648","Olfr138"
"170720","Card14"
"170731","Mfn2"
"170736","Parvb"
"170743","Tlr7"
"170744","Tlr8"
"170755","Sgk3"
"170758","Rac3"
"170767","Rfxap"
"170768","Pfkfb3"
"170770","Bbc3"
"17086","Ncr1"
"17087","Ly96"
"170936","Zfp369"
"17096","Lyn"
"17118","Marcks"
"17120","Mad1l1"
"171209","Asic3"
"171210","Acot2"
"17125","Smad1"
"17126","Smad2"
"17127","Smad3"
"17128","Smad4"
"17129","Smad5"
"17130","Smad6"
"17131","Smad7"
"171382","Trpm8"
"17164","Mapkapk2"
"17165","Mapkapk5"
"17168","Nprl3"
"17174","Masp1"
"17175","Masp2"
"17179","Matk"
"17187","Max"
"17194","Mbl1"
"17195","Mbl2"
"17199","Mc1r"
"17200","Mc2r"
"17210","Mcl1"
"17215","Mcm3"
"17216","Mcm2"
"17217","Mcm4"
"17218","Mcm5"
"17219","Mcm6"
"17220","Mcm7"
"17222","Anapc1"
"17246","Mdm2"
"17248","Mdm4"
"17258","Mef2a"
"17259","Mef2b"
"17260","Mef2c"
"17261","Mef2d"
"17274","Rab8a"
"17295","Met"
"17305","Mfng"
"17311","Kitl"
"17329","Cxcl9"
"17342","Mitf"
"17344","Pias2"
"17346","Mknk1"
"17347","Mknk2"
"17356","Afdn"
"17357","Marcksl1"
"17387","Mmp14"
"17390","Mmp2"
"17393","Mmp7"
"17395","Mmp9"
"17436","Me1"
"17444","Grap2"
"17451","Mos"
"17480","Mpl"
"17532","Mras"
"17535","Mre11a"
"17540","Mrvi1"
"17691","Sik1"
"17698","Msn"
"17762","Mapt"
"17763","Mtcp1"
"17773","Mtnr1a"
"17863","Myb"
"17865","Mybl2"
"17869","Myc"
"17873","Gadd45b"
"17874","Myd88"
"17880","Myh11"
"17886","Myh9"
"17888","Myh6"
"17896","Myl4"
"17897","Myl3"
"17898","Myl7"
"17904","Myl6"
"17906","Myl2"
"17907","Mylpf"
"17909","Myo10"
"17931","Ppp1r12a"
"17940","Naip1"
"17948","Naip2"
"17951","Naip5"
"17952","Naip6"
"17969","Ncf1"
"17970","Ncf2"
"17972","Ncf4"
"17973","Nck1"
"17974","Nck2"
"18015","Nf1"
"18016","Nf2"
"18018","Nfatc1"
"18019","Nfatc2"
"18021","Nfatc3"
"18033","Nfkb1"
"18034","Nfkb2"
"18035","Nfkbia"
"18036","Nfkbib"
"18037","Nfkbie"
"18044","Nfya"
"18045","Nfyb"
"18046","Nfyc"
"18048","Klk1b4"
"18049","Ngf"
"18050","Klk1b3"
"18053","Ngfr"
"18099","Nlk"
"18106","Cd244a"
"18119","Nodal"
"18121","Nog"
"18125","Nos1"
"18126","Nos2"
"18127","Nos3"
"18128","Notch1"
"18129","Notch2"
"18131","Notch3"
"18132","Notch4"
"18143","Npas2"
"18158","Nppb"
"18160","Npr1"
"18166","Npy1r"
"18176","Nras"
"18183","Nrg3"
"18186","Nrp1"
"18201","Nsmaf"
"18205","Ntf3"
"18208","Ntn1"
"18211","Ntrk1"
"18212","Ntrk2"
"18213","Ntrk3"
"18218","Dusp8"
"18222","Numb"
"18223","Numbl"
"18227","Nr4a2"
"18307","Olfr10"
"18310","Olfr13"
"18312","Olfr15"
"18313","Olfr16"
"18314","Olfr17"
"18315","Olfr18"
"18316","Olfr19"
"18317","Olfr2"
"18322","Olfr24"
"18323","Olfr25"
"18324","Olfr26"
"18328","Olfr3"
"18329","Olfr30"
"18330","Olfr31"
"18331","Olfr32"
"18332","Olfr33"
"18341","Olfr263"
"18343","Olfr44"
"18344","Olfr45"
"18345","Olfr46"
"18346","Olfr47"
"18347","Olfr48"
"18348","Olfr49"
"18349","Olfr5"
"18350","Olfr50"
"18351","Olfr51"
"18352","Olfr52"
"18354","Olfr54"
"18356","Olfr56"
"18357","Olfr57"
"18359","Olfr59"
"18361","Olfr60"
"18362","Olfr61"
"18363","Olfr62"
"18365","Olfr65"
"18366","Olfr64"
"18367","Olfr66"
"18368","Olfr67"
"18369","Olfr68"
"18370","Olfr69"
"18372","Olfr8"
"18373","Olfr9"
"18383","Tnfrsf11b"
"18386","Oprd1"
"18390","Oprm1"
"18392","Orc1"
"18393","Orc2"
"18412","Sqstm1"
"18413","Osm"
"18414","Osmr"
"18429","Oxt"
"18430","Oxtr"
"18436","P2rx1"
"18439","P2rx7"
"18441","P2ry1"
"18442","P2ry2"
"18479","Pak1"
"18481","Pak3"
"18510","Pax8"
"18519","Kat2b"
"18534","Pck1"
"18538","Pcna"
"18566","Pdcd1"
"18573","Pde1a"
"18574","Pde1b"
"18575","Pde1c"
"18576","Pde3b"
"18577","Pde4a"
"18578","Pde4b"
"18590","Pdgfa"
"18591","Pdgfb"
"18595","Pdgfra"
"18596","Pdgfrb"
"18597","Pdha1"
"18598","Pdha2"
"18607","Pdpk1"
"18609","Pdx1"
"18613","Pecam1"
"18626","Per1"
"18627","Per2"
"18628","Per3"
"18639","Pfkfb1"
"18640","Pfkfb2"
"18641","Pfkl"
"18642","Pfkm"
"18643","Pfn1"
"18645","Pfn2"
"18654","Pgf"
"18655","Pgk1"
"18667","Pgr"
"18670","Abcb4"
"18679","Phka1"
"18682","Phkg1"
"18706","Pik3ca"
"18707","Pik3cd"
"18708","Pik3r1"
"18709","Pik3r2"
"18710","Pik3r3"
"18711","Pikfyve"
"18712","Pim1"
"18717","Pip5k1c"
"18718","Pip4k2a"
"18719","Pip5k1b"
"18720","Pip5k1a"
"18722","Pira1"
"18724","Pira11"
"18725","Pira2"
"18726","Lilra6"
"18727","Pira4"
"18729","Pira6"
"18730","Pira7"
"18733","Pirb"
"18746","Pkm"
"18747","Prkaca"
"18749","Prkacb"
"18750","Prkca"
"18751","Prkcb"
"18752","Prkcg"
"18753","Prkcd"
"18754","Prkce"
"18755","Prkch"
"18759","Prkci"
"18760","Prkd1"
"18761","Prkcq"
"18762","Prkcz"
"18770","Pklr"
"18778","Pla2g1b"
"18780","Pla2g2a"
"18781","Pla2g2c"
"18782","Pla2g2d"
"18783","Pla2g4a"
"18784","Pla2g5"
"18787","Serpine1"
"18788","Serpinb2"
"18791","Plat"
"18792","Plau"
"18793","Plaur"
"18795","Plcb1"
"18796","Plcb2"
"18797","Plcb3"
"18798","Plcb4"
"18799","Plcd1"
"18802","Plcd4"
"18803","Plcg1"
"18805","Pld1"
"18806","Pld2"
"18815","Plg"
"18816","Serpinf2"
"18817","Plk1"
"18821","Pln"
"18829","Ccl21a"
"18830","Pltp"
"18844","Plxna1"
"18845","Plxna2"
"18846","Plxna3"
"18952","Sept4"
"18976","Pomc"
"19012","Plpp1"
"19013","Ppara"
"19015","Ppard"
"19016","Pparg"
"19017","Ppargc1a"
"19042","Ppm1a"
"19043","Ppm1b"
"19045","Ppp1ca"
"19046","Ppp1cb"
"19047","Ppp1cc"
"19049","Ppp1r1b"
"19052","Ppp2ca"
"19053","Ppp2cb"
"19054","Ppp2r3d"
"19055","Ppp3ca"
"19056","Ppp3cb"
"19057","Ppp3cc"
"19058","Ppp3r1"
"19059","Ppp3r2"
"19060","Ppp5c"
"19062","Inpp5k"
"19079","Prkab1"
"19082","Prkag1"
"19084","Prkar1a"
"19085","Prkar1b"
"19087","Prkar2a"
"19088","Prkar2b"
"19090","Prkdc"
"19091","Prkg1"
"19092","Prkg2"
"19094","Mapk11"
"19099","Mapk8ip1"
"19109","Prl"
"19116","Prlr"
"19123","Proc"
"19124","Procr"
"19128","Pros1"
"19141","Lgmn"
"19157","Cyth1"
"19158","Cyth2"
"19159","Cyth3"
"19164","Psen1"
"19165","Psen2"
"19186","Psme1"
"19188","Psme2"
"19192","Psme3"
"19200","Pstpip1"
"19206","Ptch1"
"19207","Ptch2"
"19208","Ptcra"
"19211","Pten"
"192157","Socs7"
"19217","Ptger2"
"192176","Flna"
"19218","Ptger3"
"19219","Ptger4"
"19220","Ptgfr"
"19222","Ptgir"
"19224","Ptgs1"
"19225","Ptgs2"
"19228","Pth1r"
"19229","Ptk2b"
"19246","Ptpn1"
"19247","Ptpn11"
"19249","Ptpn13"
"19252","Dusp1"
"19255","Ptpn2"
"19259","Ptpn5"
"19261","Sirpa"
"19263","Ptprb"
"19264","Ptprc"
"192656","Ripk2"
"192662","Arhgdia"
"19268","Ptprf"
"19271","Ptprj"
"19274","Ptprm"
"192786","Rapgef6"
"19279","Ptprr"
"192897","Itgb4"
"19294","Nectin2"
"19303","Pxn"
"193034","Trpv1"
"193053","Olfr384"
"19309","Pygm"
"19325","Rab10"
"19326","Rab11b"
"19339","Rab3a"
"19344","Rab5b"
"19345","Rab5c"
"19353","Rac1"
"19354","Rac2"
"19355","Rad1"
"19357","Rad21"
"19360","Rad50"
"19367","Rad9a"
"19368","Raet1a"
"19369","Raet1b"
"19370","Raet1c"
"19373","Rag1"
"19374","Rag2"
"193740","Hspa1a"
"19395","Rasgrp2"
"19414","Rasa3"
"19415","Rasal1"
"19416","Rasd1"
"19417","Rasgrf1"
"19418","Rasgrf2"
"19419","Rasgrp1"
"194352","Trpv5"
"194433","Olfr707"
"195046","Nlrp1a"
"19645","Rb1"
"19646","Rbbp4"
"19649","Robo3"
"19650","Rbl1"
"19651","Rbl2"
"19664","Rbpj"
"19668","Rbpjl"
"19684","Rdx"
"19696","Rel"
"19697","Rela"
"19698","Relb"
"19699","Reln"
"19701","Ren1"
"19702","Ren2"
"19719","Rfng"
"19727","Rfxank"
"19730","Ralgds"
"19731","Rgl1"
"19732","Rgl2"
"19735","Rgs2"
"19744","Rheb"
"19765","Ralbp1"
"19766","Ripk1"
"19876","Robo1"
"19877","Rock1"
"19878","Rock2"
"19883","Rora"
"19885","Rorc"
"20104","Rps6"
"20111","Rps6ka1"
"20112","Rps6ka2"
"20130","Rras"
"20135","Rrm2"
"20181","Rxra"
"20182","Rxrb"
"20183","Rxrg"
"20186","Nr1h4"
"20187","Ryk"
"20190","Ryr1"
"20191","Ryr2"
"20192","Ryr3"
"20249","Scd1"
"20250","Scd2"
"20259","Scin"
"20265","Scn1a"
"20266","Scn1b"
"20269","Scn3a"
"20271","Scn5a"
"20272","Scn7a"
"20274","Scn9a"
"20276","Scnn1a"
"20277","Scnn1b"
"20278","Scnn1g"
"20280","Scp2"
"20290","Ccl1"
"20292","Ccl11"
"20293","Ccl12"
"20295","Ccl17"
"20296","Ccl2"
"20297","Ccl20"
"20299","Ccl22"
"20300","Ccl25"
"20301","Ccl27a"
"20302","Ccl3"
"20303","Ccl4"
"20304","Ccl5"
"20305","Ccl6"
"20306","Ccl7"
"20307","Ccl8"
"20308","Ccl9"
"20309","Cxcl15"
"20310","Cxcl2"
"20311","Cxcl5"
"20312","Cx3cl1"
"20315","Cxcl12"
"20317","Serpinf1"
"20319","Sfrp2"
"20346","Sema3a"
"20347","Sema3b"
"20348","Sema3c"
"20349","Sema3e"
"20350","Sema3f"
"20351","Sema4a"
"20352","Sema4b"
"20353","Sema4c"
"20354","Sema4d"
"20355","Sema4f"
"20361","Sema7a"
"20377","Sfrp1"
"20379","Sfrp4"
"20393","Sgk1"
"20399","Sh2b1"
"20400","Sh2d1a"
"20411","Sorbs1"
"20416","Shc1"
"20418","Shc3"
"20423","Shh"
"20430","Cyfip1"
"20437","Siah1a"
"20438","Siah1b"
"20469","Sipa1"
"20493","Slc10a1"
"20525","Slc2a1"
"20526","Slc2a2"
"20528","Slc2a4"
"20541","Slc8a1"
"20544","Slc9a1"
"20562","Slit1"
"20563","Slit2"
"20583","Snai2"
"20597","Smpd1"
"20598","Smpd2"
"20602","Ncor2"
"20604","Sst"
"20605","Sstr1"
"20606","Sstr2"
"20609","Sstr5"
"20613","Snai1"
"20620","Plk2"
"20655","Sod1"
"20656","Sod2"
"20661","Sort1"
"20662","Sos1"
"20663","Sos2"
"20671","Sox17"
"20674","Sox2"
"20682","Sox9"
"20683","Sp1"
"20698","Sphk1"
"20700","Serpina1a"
"20701","Serpina1b"
"20702","Serpina1c"
"20703","Serpina1d"
"20704","Serpina1e"
"20724","Serpinb5"
"20739","Spta1"
"20740","Sptan1"
"20747","Spop"
"20750","Spp1"
"207521","Dtx4"
"207565","Camkk2"
"207728","Pde2a"
"20779","Src"
"20787","Srebf1"
"20807","Srf"
"208117","Aph1b"
"208188","Ghsr"
"20842","Stag1"
"20843","Stag2"
"20844","Stam"
"20845","Star"
"20846","Stat1"
"20847","Stat2"
"20848","Stat3"
"20849","Stat4"
"20850","Stat5a"
"20851","Stat5b"
"20852","Stat6"
"208647","Creb3l2"
"208650","Cblb"
"20866","Stim1"
"208677","Creb3l3"
"20869","Stk11"
"20873","Plk4"
"20874","Slk"
"20878","Aurka"
"208846","Daam1"
"20890","Wnt8a"
"208922","Cpeb3"
"20893","Bhlhe40"
"209091","Ccnb3"
"209200","Dtx3l"
"20927","Abcc8"
"209456","Trp53bp2"
"209590","Il23r"
"20963","Syk"
"210044","Adcy2"
"210198","Gprc6a"
"210766","Brcc3"
"210789","Tbc1d4"
"210801","Unc5d"
"211323","Nrg1"
"211429","Pla2g4b"
"211472","Olfr1373"
"211480","Kcnj14"
"211586","Tfdp2"
"211652","Wwc1"
"211914","Asap2"
"212032","Hk3"
"212398","Frat2"
"212989","Best2"
"213043","Aox2"
"213119","Itga10"
"213208","Il20rb"
"213435","Mylk3"
"213498","Arhgef11"
"21353","Tank"
"21356","Tapbp"
"21372","Tbl1x"
"213788","Chrm5"
"21390","Tbxa2r"
"21391","Tbxas1"
"21402","Skp1a"
"21405","Hnf1a"
"21414","Tcf7"
"21415","Tcf7l1"
"21416","Tcf7l2"
"21423","Tcf3"
"214230","Pak6"
"21432","Tcl1"
"214593","Duox2"
"214763","Cgas"
"214897","Csnk1g1"
"215303","Camk1g"
"215449","Rap1b"
"216019","Hkdc1"
"216033","Ctnna3"
"216148","Shc2"
"216233","Socs2"
"216439","Agap2"
"216459","Myl6b"
"216643","Gabrp"
"216739","Acsl6"
"216742","Fnip1"
"21676","Tead1"
"21677","Tead2"
"21678","Tead3"
"216783","Olfr320"
"21679","Tead4"
"216795","Wnt9a"
"216799","Nlrp3"
"216805","Flcn"
"21682","Tec"
"216869","Arrb2"
"21687","Tek"
"216877","Dhx33"
"216963","Git1"
"217069","Trim25"
"217166","Nr1d1"
"217232","Cdc27"
"217325","Llgl2"
"217692","Sipa1l1"
"21770","Ppp2r5d"
"217708","Lin52"
"21781","Tfdp1"
"21788","Tfpi"
"217944","Rapgef5"
"21802","Tgfa"
"21803","Tgfb1"
"218038","Amph"
"218066","Olfr11"
"21808","Tgfb2"
"21809","Tgfb3"
"21812","Tgfbr1"
"21813","Tgfbr2"
"21819","Tg"
"21823","Th"
"21824","Thbd"
"21825","Thbs1"
"21826","Thbs2"
"218268","Eif4e1b"
"21827","Thbs3"
"21828","Thbs4"
"218294","Cdc14b"
"21832","Thpo"
"21833","Thra"
"21834","Thrb"
"21838","Thy1"
"218397","Rasa1"
"21844","Tiam1"
"218441","Zfyve16"
"21857","Timp1"
"21872","Tjp1"
"218877","Sema3g"
"21894","Tln1"
"21897","Tlr1"
"21898","Tlr4"
"21899","Tlr6"
"219019","Olfr743"
"219140","Spata13"
"21923","Tnc"
"21924","Tnnc1"
"21926","Tnf"
"21929","Tnfaip3"
"21933","Tnfrsf10b"
"21934","Tnfrsf11a"
"21937","Tnfrsf1a"
"21938","Tnfrsf1b"
"21939","Cd40"
"21943","Tnfsf11"
"21947","Cd40lg"
"21954","Tnni3"
"21956","Tnnt2"
"21960","Tnr"
"22003","Tpm1"
"22004","Tpm2"
"22027","Hsp90b1"
"22029","Traf1"
"22030","Traf2"
"22031","Traf3"
"22033","Traf5"
"22034","Traf6"
"22035","Tnfsf10"
"22041","Trf"
"22042","Tfrc"
"22051","Trip6"
"22059","Trp53"
"22062","Trp73"
"22063","Trpc1"
"22065","Trpc3"
"22066","Trpc4"
"22067","Trpc5"
"22068","Trpc6"
"22084","Tsc2"
"22094","Tshb"
"22095","Tshr"
"22130","Ttf1"
"22137","Ttk"
"22142","Tuba1a"
"22143","Tuba1b"
"22144","Tuba3a"
"22145","Tuba4a"
"22146","Tuba1c"
"22147","Tuba3b"
"22165","Txk"
"22166","Txn1"
"22173","Tyr"
"22177","Tyrobp"
"22178","Tyrp1"
"22190","Ubc"
"22227","Ucp1"
"22241","Ulk1"
"22253","Unc5c"
"22259","Nr1h3"
"22318","Vamp2"
"22323","Vasp"
"22324","Vav1"
"22325","Vav2"
"22329","Vcam1"
"22330","Vcl"
"22333","Vdac1"
"22334","Vdac2"
"22335","Vdac3"
"22337","Vdr"
"22339","Vegfa"
"22340","Vegfb"
"22341","Vegfc"
"22346","Vhl"
"22350","Ezr"
"22355","Vipr2"
"223604","Kcnk9"
"22368","Trpv2"
"22370","Vtn"
"22371","Vwf"
"22373","Wap"
"22376","Was"
"223864","Rapgef3"
"223881","Rnd1"
"22390","Wee1"
"22401","Zmat3"
"22408","Wnt1"
"22409","Wnt10a"
"22410","Wnt10b"
"224105","Pak2"
"22411","Wnt11"
"22412","Wnt9b"
"224129","Adcy5"
"22413","Wnt2"
"22414","Wnt2b"
"22415","Wnt3"
"22416","Wnt3a"
"22417","Wnt4"
"22418","Wnt5a"
"22419","Wnt5b"
"22420","Wnt6"
"22421","Wnt7a"
"22422","Wnt7b"
"22423","Wnt8b"
"224480","Nox3"
"224753","H2-M10.4"
"224754","H2-M11"
"224756","H2-M1"
"224761","H2-M10.5"
"225028","Map4k3"
"225471","Ticam2"
"225845","Plaat3"
"225849","Ppp2r5b"
"225870","Rin1"
"225913","Tkfc"
"225998","Rorb"
"22601","Yap1"
"22612","Yes1"
"226251","Ablim1"
"22627","Ywhae"
"22628","Ywhag"
"22629","Ywhah"
"22630","Ywhaq"
"22631","Ywhaz"
"22637","Zap70"
"22642","Zbtb17"
"226519","Lamc1"
"226525","Rasal2"
"226548","Aph1a"
"226849","Ppp2r5a"
"226970","Arhgef4"
"227154","Stradb"
"227288","Cxcr1"
"227377","Farp2"
"227541","Camk1d"
"227753","Gsn"
"227789","Olfr358"
"22793","Zyx"
"228026","Pdk1"
"228139","P2rx3"
"228228","Olfr1102"
"228443","Olfr1283"
"228607","Mavs"
"228785","Mylk2"
"228966","Ppp1r3d"
"229445","Ctso"
"229615","Pias3"
"229658","Vangl1"
"229776","Cdc14a"
"229927","Clca3b"
"229933","Clca2"
"230073","Ddx58"
"230103","Npr2"
"230396","Ifna13"
"230405","Ifne"
"230597","Zfyve9"
"230639","Cyp4a29"
"230784","Sesn2"
"230828","Il22ra1"
"230837","Asap3"
"230899","Nppa"
"231148","Ablim2"
"231201","AF366264"
"231207","Cpeb2"
"231506","Lin54"
"231602","P2rx2"
"231637","Ssh1"
"231724","Rad9b"
"231991","Creb5"
"232157","Mob1a"
"232345","A2m"
"232493","Gys2"
"232790","Oscar"
"232801","Lilra5"
"232807","Ppp1r12c"
"232889","Pla2g4c"
"232906","Arhgap35"
"232975","Atp1a3"
"233020","Hipk4"
"233046","Rasgrp4"
"233079","Ffar2"
"233081","Ffar1"
"233578","Olfr553"
"233649","Cnga4"
"233670","Olfr6"
"233979","Tpcn2"
"234130","Dkk4"
"234683","Elmo3"
"234779","Plcg2"
"234889","Gucy1a2"
"235248","Olfr952"
"235256","Olfr149"
"235344","Sik2"
"235542","Ppp2r3a"
"235584","Dusp7"
"235587","Parp3"
"235611","Plxnb1"
"235674","Acaa1b"
"236509","Olfr366"
"236781","Gpr119"
"236784","Olfr1320"
"236785","Olfr1321"
"237038","Nox1"
"237310","Il22ra2"
"237313","Il20ra"
"237625","Pla2g3"
"237860","Ssh2"
"23797","Akt3"
"23805","Apc2"
"238057","Gdf7"
"238130","Dock4"
"23832","Xcr1"
"23834","Cdc6"
"23844","Clca1"
"238463","Tubal3"
"238564","Mylk4"
"23859","Dlg2"
"23871","Ets1"
"23872","Ets2"
"23880","Fyb"
"23882","Gadd45g"
"238871","Pde4d"
"23900","Hcst"
"239114","Il17d"
"239134","Gucy1b2"
"23920","Insrr"
"23921","Sh2b2"
"23928","Lamc3"
"239319","Card6"
"23938","Map2k5"
"23939","Mapk7"
"239556","Cacna1i"
"23957","Nr0b2"
"23988","Pin1"
"240057","Syngap1"
"240095","H2-M5"
"24013","Grk1"
"24014","Rnasel"
"240168","Rasgrp3"
"240354","Malt1"
"24047","Ccl19"
"24055","Sh3bp2"
"24061","Smc1a"
"240672","Dusp5"
"24069","Sufu"
"24088","Tlr2"
"240888","Gpr161"
"24099","Tnfsf13b"
"24105","Rbck1"
"241113","Prkag3"
"241118","Asic4"
"24117","Wif1"
"241226","Itga8"
"241634","Spdye4c"
"241656","Pak7"
"242316","Gdf6"
"242425","Gabbr2"
"242443","Grin3a"
"242517","Ifna15"
"242519","Ifna12"
"242687","Wasf2"
"242700","Ifnlr1"
"242705","E2f2"
"242851","Gnat3"
"243270","Hcar1"
"243548","Prickle2"
"243634","Ano2"
"243743","Plxna4"
"243764","Chrm2"
"243816","Gp6"
"244187","Olfr684"
"244416","Ppp1r3b"
"244646","Pkd1l3"
"244650","Phlpp2"
"244668","Sipa1l2"
"244701","Mtnr1b"
"245000","Atr"
"245026","Col6a6"
"245506","Ppp4r3c-ps"
"245509","4932429P05Rik"
"245511","4930415L06Rik"
"245615","Kir3dl2"
"245616","Kir3dl1"
"245670","Rragb"
"245857","Ssh3"
"245880","Wasf3"
"246133","Kcne2"
"246256","Fcgr4"
"246788","Trpv3"
"252875","Mios"
"257632","Nod2"
"257662","Olfr1290"
"257665","Olfr1506"
"257666","Olfr772"
"257667","Olfr769"
"257734","Olfr1355"
"257872","Olfr835"
"257875","Olfr1116"
"257881","Olfr205"
"257882","Olfr1344"
"257883","Olfr1357"
"257884","Olfr744"
"257885","Olfr885"
"257886","Olfr225"
"257887","Olfr1200"
"257888","Olfr1386"
"257889","Olfr132"
"257890","Olfr12"
"257891","Olfr479"
"257892","Olfr324"
"257898","Olfr867"
"257900","Olfr1024"
"257902","Olfr704"
"257904","Olfr294"
"257905","Olfr298"
"257906","Olfr293"
"257909","Olfr735"
"257910","Olfr671"
"257912","Olfr948"
"257913","Olfr141"
"257915","Olfr1016"
"257916","Olfr1031"
"257917","Olfr314"
"257919","Olfr467"
"257921","Olfr1229"
"257926","Olfr544"
"257929","Olfr299"
"257932","Olfr332"
"257933","Olfr1089"
"257936","Olfr1028"
"257938","Olfr1419"
"257939","Olfr527"
"257941","Olfr1042"
"257943","Olfr285"
"257947","Olfr543"
"257950","Olfr1039"
"257951","Olfr987"
"257956","Olfr1307"
"257958","Olfr301"
"257959","Olfr1537"
"257961","Olfr1432"
"257962","Olfr222"
"257963","Olfr857"
"257971","Olfr1382"
"257972","Olfr193"
"257974","Olfr1053"
"257975","Olfr598"
"257978","Olfr1322"
"257979","Olfr1281"
"257980","Olfr1275"
"257985","Olfr782"
"257996","Olfr884"
"258016","Olfr453"
"258019","Olfr212"
"258020","Olfr213"
"258022","Olfr1318"
"258023","Olfr1306"
"258025","Olfr1211"
"258027","Olfr1385"
"258028","Olfr901"
"258036","Olfr198"
"258039","Olfr728"
"258051","Olfr93"
"258055","Olfr524"
"258056","Olfr533"
"258060","Olfr1181"
"258065","Olfr312"
"258067","Olfr1359"
"258069","Olfr787"
"258074","Olfr834"
"258086","Olfr967"
"258087","Olfr963"
"258089","Olfr304"
"258095","Olfr119"
"258097","Olfr1500"
"258098","Olfr1490"
"258101","Olfr1137"
"258103","Olfr1152"
"258105","Olfr1162"
"258111","Olfr1129"
"258113","Olfr748"
"258117","Olfr1437"
"258120","Olfr1463"
"258134","Olfr426"
"258135","Olfr597"
"258136","Olfr517"
"258139","Olfr591"
"258147","Olfr675"
"258148","Olfr789"
"258151","Olfr1505"
"258153","Olfr412"
"258154","Olfr1029"
"258155","Olfr1425"
"258156","Olfr605"
"258158","Olfr169"
"258160","Olfr685"
"258165","Olfr965"
"258168","Olfr566"
"258173","Olfr1532-ps1"
"258177","Olfr1222"
"258178","Olfr180"
"258180","Olfr699"
"258183","Olfr917"
"258189","Olfr624"
"258196","Olfr309"
"258198","Olfr224"
"258201","Olfr538"
"258203","Olfr1178"
"258206","Olfr1264"
"258207","Olfr452"
"258215","Olfr506"
"258216","Olfr1034"
"258218","Olfr102"
"258220","Olfr1148"
"258222","Olfr310"
"258224","Olfr1358"
"258225","Olfr913"
"258227","Olfr1418"
"258228","Olfr1415"
"258231","Olfr1471"
"258232","Olfr774"
"258233","Olfr741"
"258235","Olfr1084"
"258236","Olfr391"
"258238","Olfr417"
"258241","Olfr1212"
"258242","Olfr955"
"258245","Olfr1036"
"258246","Olfr594"
"258247","Olfr645"
"258248","Olfr576"
"258249","Olfr845"
"258252","Olfr813"
"258255","Olfr1010"
"258257","Olfr1313"
"258258","Olfr1308"
"258259","Olfr1338"
"258261","Olfr325"
"258263","Olfr117"
"258264","Olfr747"
"258265","Olfr1333"
"258266","Olfr247"
"258267","Olfr370"
"258268","Olfr1511"
"258269","Olfr930"
"258270","Olfr448"
"258271","Olfr1311"
"258272","Olfr1402"
"258273","Olfr1394"
"258274","Olfr1412"
"258275","Olfr729"
"258276","Olfr960"
"258277","Olfr281"
"258278","Olfr284"
"258279","Olfr846"
"258280","Olfr1366"
"258281","Olfr780"
"258282","Olfr801"
"258283","Olfr981"
"258284","Olfr114"
"258285","Olfr122"
"258286","Olfr113"
"258287","Olfr125"
"258288","Olfr1484"
"258289","Olfr1324"
"258290","Olfr1143"
"258291","Olfr1167"
"258292","Olfr446"
"258293","Olfr437"
"258294","Olfr1115"
"258295","Olfr746"
"258296","Olfr745"
"258297","Olfr827"
"258298","Olfr1475"
"258299","Olfr1461"
"258300","Olfr1449"
"258301","Olfr1340"
"258302","Olfr420"
"258303","Olfr518"
"258304","Olfr498"
"258305","Olfr1356"
"258306","Olfr1337"
"258307","Olfr493"
"258308","Olfr510"
"258309","Olfr657"
"258310","Olfr145"
"258311","Olfr601"
"258313","Olfr726"
"258314","Olfr725"
"258315","Olfr767"
"258316","Olfr727"
"258317","Olfr1145"
"258318","Olfr186"
"258319","Olfr187"
"258320","Olfr1232"
"258321","Olfr809"
"258322","Olfr554"
"258323","Olfr943"
"258324","Olfr129"
"258325","Olfr110"
"258326","Olfr642"
"258327","Olfr958"
"258328","Olfr954"
"258329","Olfr135"
"258330","Olfr1274"
"258331","Olfr1330"
"258333","Olfr893"
"258334","Olfr1396"
"258335","Olfr374"
"258336","Olfr77"
"258338","Olfr1259"
"258339","Olfr1269"
"258340","Olfr1265"
"258341","Olfr1495"
"258342","Olfr1491"
"258343","Olfr397"
"258344","Olfr390"
"258345","Olfr1121"
"258346","Olfr1128"
"258347","Olfr1123"
"258348","Olfr1133"
"258350","Olfr706"
"258351","Olfr633"
"258352","Olfr692"
"258353","Olfr521"
"258354","Olfr168"
"258355","Olfr677"
"258356","Olfr564"
"258357","Olfr574"
"258358","Olfr557"
"258359","Olfr1312"
"258360","Olfr731"
"258361","Olfr495"
"258362","Olfr1094"
"258363","Olfr1093"
"258364","Olfr976"
"258365","Olfr361"
"258366","Olfr434"
"258368","Olfr1450"
"258369","Olfr509"
"258370","Olfr1253"
"258371","Olfr368"
"258372","Olfr918"
"258373","Olfr323"
"258374","Olfr127"
"258375","Olfr794"
"258377","Olfr654"
"258378","Olfr593"
"258379","Olfr1284"
"258380","Olfr461"
"258381","Olfr460"
"258382","Olfr208"
"258383","Olfr1347"
"258384","Olfr1350"
"258385","Olfr1323"
"258386","Olfr1058"
"258387","Olfr720"
"258388","Olfr1279"
"258389","Olfr1278"
"258390","Olfr1276"
"258391","Olfr1277"
"258392","Olfr190"
"258393","Olfr1325"
"258394","Olfr1328"
"258395","Olfr1288"
"258396","Olfr1305"
"258397","Olfr1303"
"258398","Olfr1295"
"258399","Olfr1289"
"258401","Olfr1076"
"258402","Olfr1079"
"258403","Olfr1065"
"258404","Olfr1080"
"258405","Olfr1420"
"258406","Olfr462"
"258407","Olfr464"
"258408","Olfr463"
"258409","Olfr1431"
"258410","Olfr291"
"258411","Olfr290"
"258412","Olfr877"
"258413","Olfr881"
"258414","Olfr883"
"258415","Olfr887"
"258416","Olfr888"
"258417","Olfr470"
"258418","Olfr469"
"258420","Olfr221"
"258421","Olfr223"
"258422","Olfr742"
"258423","Olfr1510"
"258424","Olfr1512"
"258425","Olfr994"
"258426","Olfr995"
"258427","Olfr993"
"258428","Olfr998"
"258429","Olfr996"
"258430","Olfr938"
"258431","Olfr937"
"258432","Olfr919"
"258433","Olfr933"
"258434","Olfr934"
"258435","Olfr382"
"258436","Olfr458"
"258437","Olfr450"
"258438","Olfr215"
"258439","Olfr1309"
"258440","Olfr1317"
"258441","Olfr1310"
"258442","Olfr1314"
"258443","Olfr164"
"258444","Olfr694"
"258445","Olfr693"
"258446","Olfr1231"
"258447","Olfr1241"
"258448","Olfr92"
"258449","Olfr282"
"258450","Olfr1199"
"258451","Olfr1215"
"258453","Olfr1209"
"258454","Olfr1202"
"258455","Olfr1204"
"258456","Olfr1196"
"258457","Olfr108"
"258458","Olfr165"
"258459","Olfr1388"
"258460","Olfr1391"
"258461","Olfr1381"
"258462","Olfr1392"
"258463","Olfr1393"
"258464","Olfr1384"
"258465","Olfr1387"
"258466","Olfr1261"
"258468","Olfr1254"
"258469","Olfr90"
"258470","Olfr91"
"258471","Olfr891"
"258472","Olfr899"
"258474","Olfr890"
"258475","Olfr889"
"258477","Olfr197"
"258478","Olfr183"
"258479","Olfr203"
"258480","Olfr130"
"258481","Olfr137"
"258482","Olfr266"
"258483","Olfr1411"
"258484","Olfr1410"
"258485","Olfr724"
"258486","Olfr730"
"258487","Olfr722"
"258488","Olfr474"
"258489","Olfr486"
"258490","Olfr492"
"258491","Olfr490"
"258492","Olfr484"
"258493","Olfr319"
"258494","Olfr318"
"258495","Olfr328"
"258497","Olfr961"
"258498","Olfr148"
"258499","Olfr945"
"258500","Olfr944"
"258501","Olfr959"
"258502","Olfr279"
"258503","Olfr98"
"258504","Olfr107"
"258505","Olfr97"
"258506","Olfr95"
"258507","Olfr96"
"258508","Olfr99"
"258511","Olfr523"
"258512","Olfr530"
"258513","Olfr536"
"258515","Olfr854"
"258516","Olfr850"
"258517","Olfr855"
"258518","Olfr847"
"258519","Olfr859"
"258520","Olfr849"
"258521","Olfr860"
"258522","Olfr1183"
"258523","Olfr1186"
"258524","Olfr1168"
"258525","Olfr1170"
"258526","Olfr1367"
"258527","Olfr1368"
"258528","Olfr1370"
"258529","Olfr313"
"258530","Olfr311"
"258531","Olfr315"
"258532","Olfr373"
"258533","Olfr1364"
"258534","Olfr1361"
"258536","Olfr1360"
"258537","Olfr777"
"258538","Olfr775"
"258540","Olfr771"
"258541","Olfr800"
"258542","Olfr786"
"258543","Olfr810"
"258544","Olfr788"
"258545","Olfr811"
"258546","Olfr806"
"258547","Olfr803"
"258548","Olfr805"
"258549","Olfr798"
"258551","Olfr866"
"258552","Olfr868"
"258553","Olfr872"
"258554","Olfr873"
"258555","Olfr862"
"258557","Olfr836"
"258558","Olfr837"
"258559","Olfr830"
"258560","Olfr843"
"258561","Olfr1012"
"258562","Olfr1014"
"258563","Olfr1006"
"258564","Olfr1015"
"258565","Olfr1009"
"258566","Olfr1002"
"258568","Olfr1457"
"258569","Olfr459"
"258570","Olfr1043"
"258571","Olfr1033"
"258572","Olfr1032"
"258573","Olfr1020"
"258575","Olfr1046"
"258577","Olfr1026"
"258579","Olfr1018"
"258580","Olfr1023"
"258581","Olfr1030"
"258582","Olfr1022"
"258583","Olfr1085"
"258584","Olfr1101"
"258585","Olfr1086"
"258586","Olfr1111"
"258587","Olfr1100"
"258589","Olfr703"
"258590","Olfr702"
"258591","Olfr695"
"258592","Olfr697"
"258593","Olfr700"
"258594","Olfr710"
"258595","Olfr698"
"258597","Olfr716"
"258598","Olfr828"
"258600","Olfr270"
"258601","Olfr984"
"258602","Olfr150"
"258603","Olfr972"
"258604","Olfr970"
"258605","Olfr968"
"258606","Olfr229"
"258607","Olfr971"
"258608","Olfr986"
"258609","Olfr305"
"258610","Olfr307"
"258611","Olfr297"
"258612","Olfr303"
"258613","Olfr292"
"258614","Olfr308"
"258615","Olfr360"
"258616","Olfr357"
"258617","Olfr356"
"258618","Olfr355"
"258620","Olfr350"
"258621","Olfr344"
"258622","Olfr121"
"258623","Olfr123"
"258624","Olfr120"
"258625","Olfr116"
"258626","Olfr1501"
"258627","Olfr1504"
"258628","Olfr1489"
"258629","Olfr1487"
"258630","Olfr1141"
"258631","Olfr1151"
"258632","Olfr1138"
"258633","Olfr1153"
"258634","Olfr1164"
"258635","Olfr1140"
"258636","Olfr1155"
"258638","Olfr1163"
"258639","Olfr1158"
"258640","Olfr152"
"258641","Olfr1154"
"258643","Olfr1160"
"258644","Olfr1166"
"258645","Olfr418"
"258647","Olfr435"
"258648","Olfr237"
"258649","Olfr441"
"258650","Olfr444"
"258652","Olfr1131"
"258653","Olfr1136"
"258654","Olfr1135"
"258655","Olfr1112"
"258656","Olfr365"
"258657","Olfr733"
"258658","Olfr734"
"258659","Olfr732"
"258660","Olfr736"
"258661","Olfr740"
"258662","Olfr738"
"258663","Olfr739"
"258665","Olfr815"
"258666","Olfr822"
"258667","Olfr816"
"258668","Olfr823"
"258669","Olfr824"
"258670","Olfr820"
"258671","Olfr826"
"258672","Olfr825"
"258673","Olfr1428"
"258674","Olfr1427"
"258675","Olfr1423"
"258676","Olfr1424"
"258677","Olfr76"
"258678","Olfr1441"
"258679","Olfr1440"
"258680","Olfr1434"
"258682","Olfr1436"
"258683","Olfr262"
"258684","Olfr1459"
"258685","Olfr1472"
"258686","Olfr1467"
"258687","Olfr1454"
"258688","Olfr1462"
"258689","Olfr1466"
"258690","Olfr1469"
"258691","Olfr1477"
"258692","Olfr1442"
"258693","Olfr1443"
"258694","Olfr1445"
"258695","Olfr1453"
"258696","Olfr1448"
"258697","Olfr1444"
"258698","Olfr1447"
"258699","Olfr1446"
"258700","Olfr1451"
"258701","Olfr401"
"258702","Olfr410"
"258703","Olfr402"
"258704","Olfr411"
"258705","Olfr398"
"258706","Olfr43"
"258708","Olfr1342"
"258709","Olfr248"
"258710","Olfr419"
"258711","Olfr432"
"258712","Olfr433"
"258713","Olfr430"
"258715","Olfr421-ps1"
"258716","Olfr424"
"258717","Olfr429"
"258718","Olfr513"
"258719","Olfr512"
"258720","Olfr516"
"258721","Olfr514"
"258722","Olfr611"
"258723","Olfr781"
"258724","Olfr784"
"258725","Olfr1095"
"258726","Olfr599"
"258727","Olfr488"
"258728","Olfr482"
"258729","Olfr478"
"258730","Olfr483"
"258731","Olfr491"
"258732","Olfr494"
"258733","Olfr497"
"258734","Olfr502"
"258736","Olfr1497"
"258737","Olfr1316"
"258738","Olfr507"
"258739","Olfr1362"
"258740","Olfr957"
"258741","Olfr935"
"258742","Olfr146"
"258743","Olfr661"
"258744","Olfr875"
"258745","Olfr689"
"258746","Olfr648"
"258747","Olfr1106"
"258748","Olfr1195"
"258749","Olfr556"
"258750","Olfr551"
"258751","Olfr608"
"258752","Olfr583"
"258753","Olfr678"
"258754","Olfr214"
"258755","Olfr672"
"258756","Olfr414"
"258757","Olfr1013"
"258758","Olfr1406"
"258759","Olfr1408"
"258762","Olfr1109"
"258763","Olfr1104"
"258764","Olfr1099"
"258765","Olfr1110"
"258766","Olfr259"
"258767","Olfr1176"
"258768","Olfr1189"
"258769","Olfr508"
"258770","Olfr472"
"258771","Olfr473"
"258772","Olfr821"
"258773","Olfr818"
"258774","Olfr1208"
"258775","Olfr196"
"258776","Olfr715"
"258777","Olfr922"
"258778","Olfr921"
"258780","Olfr916"
"258781","Olfr915"
"258782","Olfr914"
"258783","Olfr920"
"258784","Olfr1245"
"258785","Olfr1230"
"258786","Olfr1238"
"258787","Olfr1248"
"258788","Olfr1246"
"258789","Olfr1271"
"258790","Olfr1263"
"258791","Olfr812"
"258792","Olfr1499"
"258793","Olfr1502"
"258794","Olfr878"
"258797","Olfr904"
"258798","Olfr902"
"258799","Olfr906"
"258800","Olfr905"
"258801","Olfr907"
"258802","Olfr143"
"258803","Olfr136"
"258804","Olfr1240"
"258805","Olfr1426"
"258806","Olfr912"
"258807","Olfr910"
"258808","Olfr620"
"258809","Olfr651"
"258810","Olfr665"
"258811","Olfr926"
"258812","Olfr923"
"258814","Olfr1156"
"258815","Olfr1218"
"258816","Olfr466"
"258817","Olfr655"
"258818","Olfr629"
"258819","Olfr640"
"258820","Olfr1184"
"258821","Olfr273"
"258822","Olfr39"
"258823","Olfr969"
"258824","Olfr983"
"258825","Olfr975"
"258826","Olfr27"
"258828","Olfr133"
"258829","Olfr134"
"258830","Olfr103"
"258831","Olfr101"
"258832","Olfr109"
"258833","Olfr1132"
"258834","Olfr1126"
"258835","Olfr1130"
"258836","Olfr272"
"258837","Olfr545"
"258838","Olfr617"
"258840","Olfr1097"
"258841","Olfr1107"
"258842","Olfr1098"
"258843","Olfr1087"
"258844","Olfr1090"
"258845","Olfr1161"
"258846","Olfr1157"
"258850","Olfr295"
"258851","Olfr1339"
"258852","Olfr1341"
"258853","Olfr982"
"258854","Olfr985"
"258857","Olfr275"
"258858","Olfr371"
"258859","Olfr161"
"258861","Olfr763"
"258862","Olfr770"
"258863","Olfr768"
"258865","Olfr992"
"258866","Olfr1008"
"258867","Olfr131"
"258868","Olfr894"
"258869","Olfr147"
"258871","Olfr898"
"258872","Olfr908"
"258873","Olfr911-ps1"
"258874","Olfr900"
"258875","Olfr895"
"258877","Olfr1395"
"258879","Olfr330"
"258880","Olfr218"
"258881","Olfr1404"
"258882","Olfr874"
"258883","Olfr876"
"258886","Olfr1299"
"258887","Olfr1294"
"258888","Olfr1298"
"258889","Olfr1301"
"258890","Olfr1297"
"258891","Olfr1302"
"258892","Olfr126"
"258893","Olfr1225"
"258894","Olfr1223"
"258895","Olfr1216"
"258896","Olfr1206"
"258897","Olfr1201"
"258898","Olfr1205"
"258899","Olfr1214"
"258900","Olfr1213"
"258901","Olfr1219"
"258902","Olfr1220"
"258903","Olfr1217"
"258904","Olfr1221"
"258905","Olfr871"
"258907","Olfr851"
"258908","Olfr853"
"258910","Olfr1280"
"258912","Olfr1378"
"258913","Olfr1377"
"258914","Olfr211"
"258915","Olfr1348"
"258917","Olfr1336"
"258918","Olfr1346"
"258919","Olfr1179"
"258920","Olfr1180"
"258921","Olfr1188"
"258922","Olfr267"
"258923","Olfr1"
"258924","Olfr376"
"258925","Olfr20"
"258927","Olfr481"
"258928","Olfr477"
"258929","Olfr799"
"258930","Olfr808"
"258931","Olfr807"
"258932","Olfr791"
"258933","Olfr796"
"258934","Olfr802"
"258935","Olfr790"
"258937","Olfr167"
"258938","Olfr1417"
"258939","Olfr63"
"258940","Olfr346"
"258941","Olfr354"
"258942","Olfr352"
"258943","Olfr353"
"258944","Olfr351"
"258945","Olfr347"
"258946","Olfr348"
"258947","Olfr345"
"258949","Olfr338"
"258950","Olfr342"
"258951","Olfr339"
"258952","Olfr341"
"258953","Olfr340"
"258954","Olfr522"
"258955","Olfr531"
"258956","Olfr535"
"258958","Olfr525"
"258959","Olfr170"
"258960","Olfr171"
"258961","Olfr631"
"258962","Olfr53"
"258963","Olfr539"
"258964","Olfr541"
"258967","Olfr1250"
"258968","Olfr1247"
"258969","Olfr1226"
"258970","Olfr1242"
"258971","Olfr1243"
"258972","Olfr1239"
"258973","Olfr1228"
"258974","Olfr1233"
"258975","Olfr1234"
"258976","Olfr1262"
"258977","Olfr1273-ps"
"258979","Olfr1255"
"258980","Olfr1258"
"258982","Olfr1272"
"258983","Olfr1260"
"258984","Olfr1257"
"258985","Olfr1256"
"258987","Olfr1270"
"258988","Olfr38"
"258989","Olfr457"
"258990","Olfr447"
"258991","Olfr1496"
"258992","Olfr1494"
"258993","Olfr206"
"258994","Olfr204"
"258995","Olfr176"
"258996","Olfr201"
"258997","Olfr202"
"258998","Olfr177"
"258999","Olfr178"
"259000","Olfr195"
"259001","Olfr181"
"259002","Olfr173"
"259003","Olfr172"
"259004","Olfr175"
"259005","Olfr139"
"259006","Olfr399"
"259007","Olfr395"
"259008","Olfr392"
"259009","Olfr394"
"259010","Olfr393"
"259011","Olfr389"
"259012","Olfr1052"
"259013","Olfr1044"
"259014","Olfr1047"
"259015","Olfr1038-ps"
"259016","Olfr1048"
"259017","Olfr1019"
"259018","Olfr1049"
"259019","Olfr1045"
"259020","Olfr1056"
"259021","Olfr1054"
"259022","Olfr1061"
"259023","Olfr1055"
"259024","Olfr381"
"259025","Olfr385"
"259026","Olfr378"
"259027","Olfr380"
"259030","Olfr1124"
"259031","Olfr1120"
"259032","Olfr1134"
"259033","Olfr1122"
"259034","Olfr705"
"259035","Olfr714"
"259036","Olfr713"
"259037","Olfr711"
"259038","Olfr283"
"259039","Olfr1413"
"259040","Olfr1416"
"259041","Olfr1414"
"259042","Olfr1351"
"259044","Olfr1353"
"259045","Olfr669"
"259046","Olfr679"
"259047","Olfr683"
"259048","Olfr600"
"259049","Olfr618"
"259050","Olfr652"
"259051","Olfr658"
"259052","Olfr659"
"259053","Olfr362"
"259054","Olfr589"
"259055","Olfr582"
"259056","Olfr584"
"259057","Olfr649"
"259058","Olfr646"
"259061","Olfr668"
"259062","Olfr667"
"259063","Olfr691"
"259064","Olfr124"
"259066","Olfr520"
"259067","Olfr449"
"259068","Olfr1390"
"259069","Olfr1389"
"259070","Olfr829"
"259071","Olfr166"
"259072","Olfr686"
"259073","Olfr603"
"259074","Olfr1352"
"259075","Olfr641"
"259078","Olfr656"
"259080","Olfr619"
"259081","Olfr643"
"259082","Olfr1062"
"259083","Olfr547"
"259084","Olfr615"
"259085","Olfr610"
"259086","Olfr609"
"259087","Olfr622"
"259088","Olfr639"
"259089","Olfr571"
"259091","Olfr585"
"259092","Olfr569"
"259093","Olfr572"
"259095","Olfr568"
"259096","Olfr561"
"259097","Olfr558"
"259098","Olfr606"
"259099","Olfr676"
"259100","Olfr666"
"259102","Olfr630"
"259103","Olfr616"
"259104","Olfr613"
"259105","Olfr549"
"259106","Olfr552"
"259107","Olfr555"
"259108","Olfr550"
"259109","Olfr978"
"259110","Olfr980"
"259111","Olfr974"
"259112","Olfr979"
"259113","Olfr577"
"259114","Olfr570"
"259115","Olfr586"
"259116","Olfr559"
"259117","Olfr560"
"259118","Olfr575"
"259119","Olfr578"
"259122","Olfr635"
"259123","Olfr632"
"259124","Olfr638"
"259125","Olfr644"
"259126","Olfr623"
"259145","Olfr1251"
"259147","Olfr723"
"259148","Olfr329"
"259151","Olfr1037"
"259159","Olfr628"
"259161","Olfr688"
"259162","Olfr427"
"259163","Olfr1354"
"259165","Olfr814"
"259302","Srgap3"
"26361","Avpr1b"
"26374","Cop1"
"26377","Dapp1"
"26380","Esrrb"
"263803","Pkn3"
"26385","Grk6"
"26395","Map2k1"
"26396","Map2k2"
"26397","Map2k3"
"26398","Map2k4"
"26399","Map2k6"
"26400","Map2k7"
"26401","Map3k1"
"26403","Map3k11"
"26404","Map3k12"
"26405","Map3k2"
"26406","Map3k3"
"26407","Map3k4"
"26408","Map3k5"
"26409","Map3k7"
"26410","Map3k8"
"26411","Map4k1"
"26412","Map4k2"
"26413","Mapk1"
"26414","Mapk10"
"26415","Mapk13"
"26416","Mapk14"
"26417","Mapk3"
"26419","Mapk8"
"26420","Mapk9"
"26427","Creb3l1"
"26428","Orc4"
"26429","Orc5"
"26456","Sema4g"
"26457","Slc27a1"
"26554","Cul3"
"26556","Homer1"
"26557","Homer2"
"26558","Homer3"
"26565","Pla2g10"
"26569","Slc27a4"
"266632","Irak4"
"268566","Gphn"
"268591","Serpina5"
"268697","Ccnb1"
"268706","Slc38a9"
"268749","Rnf31"
"26875","Pclo"
"268902","Robo2"
"268930","Pkmyt1"
"268933","Wdr24"
"268934","Grm4"
"268973","Nlrc4"
"268977","Ltbp1"
"26904","Sh2d1b1"
"26921","Map4k4"
"269275","Acvr1c"
"26931","Ppp2r5c"
"26932","Ppp2r5e"
"26940","Ecsit"
"269643","Ppp2r2c"
"26965","Cul1"
"26970","Pla2g2e"
"26971","Pla2g2f"
"269862","Olfr1349"
"26987","Eif4e2"
"27007","Klrk1"
"270118","Maml2"
"270151","Nlrx1"
"270190","Ephb1"
"270198","Pfkfb4"
"27056","Irf5"
"271457","Rab5a"
"271639","Adcy10"
"271844","Pla2g4f"
"271849","Shc4"
"27214","Dbf4"
"27215","Azi2"
"27216","Olfr154"
"27219","Sgk2"
"27222","Atp1a4"
"27223","Trp53bp1"
"27354","Nbn"
"27371","Sh2d2a"
"27373","Csnk1e"
"27379","Tcl1b1"
"27380","Tcl1b4"
"27401","Skp2"
"27412","Peg12"
"27413","Abcb11"
"276865","Olfr1371"
"277328","Trpa1"
"277360","Prex1"
"277562","Olfr1286"
"277753","Cyp4a12a"
"277854","Depdc5"
"277935","Olfr519"
"28240","Trpm2"
"28248","Slco1a1"
"28250","Slco1a4"
"28253","Slco1b2"
"28254","Slco1a6"
"286940","Flnb"
"29806","Limd1"
"29845","Olfr155"
"29846","Olfr156"
"29849","Olfr159"
"29857","Mapk12"
"29869","Ulk2"
"29870","Gtse1"
"29875","Iqgap1"
"30049","Scd3"
"30938","Fgd3"
"30939","Pttg1"
"30948","Bin1"
"30952","Cngb3"
"30955","Pik3cg"
"30957","Mapk8ip3"
"317677","C1s2"
"319229","Sctr"
"319478","Cxxc4"
"319480","Itga11"
"319481","Wdr59"
"319520","Dusp4"
"319710","Frmd6"
"319713","Ablim3"
"319734","Cacna2d4"
"319757","Smo"
"320129","Grk3"
"320139","Ptpn7"
"320202","Lefty2"
"320207","Pik3r5"
"320311","Rnf152"
"320484","Rasal3"
"320707","Atp2b3"
"320795","Pkn1"
"320832","Sirpb1a"
"320910","Itgb8"
"326618","Tpm4"
"327826","Frs2"
"328417","Parp4"
"328572","Ep300"
"328699","Gabrr3"
"328845","Acsbg2"
"329064","Pkd2l1"
"329065","Scd4"
"329165","Abi2"
"329244","Il19"
"329251","Ppp1r12b"
"329278","Tnn"
"329460","Olfr1193"
"329502","Pla2g4e"
"329679","Fnip2"
"329934","Foxo6"
"330122","Cxcl3"
"330228","Spdye4b"
"330496","Ifnl2"
"330662","Dock1"
"330953","Hcn4"
"330962","Slc51b"
"332579","Card9"
"333050","Ksr2"
"333329","Cngb1"
"333715","H2-M10.2"
"338374","Ifnl3"
"338375","Atp6v1g3"
"368203","Gm5136"
"378425","Nlrp12"
"379043","Raet1e"
"380928","Lmo7"
"381290","Atp2b4"
"381759","Wee2"
"381810","Lpar5"
"381853","Gipr"
"381924","Itgad"
"382562","Pfn4"
"382985","Rrm2b"
"383243","Olfr128"
"383619","Aim2"
"384703","Olfr670"
"384732","Olfr715b"
"384783","Irs2"
"385643","Kng2"
"387510","Ifnk"
"399548","Scn4b"
"399549","H2-M10.6"
"404222","Olfr231"
"404307","Olfr100"
"404309","Olfr192"
"404310","Olfr199"
"404311","Olfr209"
"404312","Olfr250"
"404313","Olfr251"
"404314","Olfr257"
"404315","Olfr372"
"404316","Olfr403"
"404317","Olfr592"
"404318","Olfr681"
"404319","Olfr750"
"404321","Olfr776"
"404322","Olfr924"
"404323","Olfr1040"
"404324","Olfr1051"
"404325","Olfr1057"
"404327","Olfr1113"
"404328","Olfr1118"
"404329","Olfr1173"
"404330","Olfr1198"
"404331","Olfr1252"
"404335","Olfr1535"
"404336","Olfr1380"
"404337","Olfr1383"
"404339","Olfr1480"
"404346","Olfr322"
"404473","Olfr1082"
"404549","Ifna14"
"404710","Iqgap3"
"406175","Olfr242"
"406176","Olfr151"
"406186","Olfr142"
"408191","Gm5415"
"408192","Gm9839"
"432530","Adcy1"
"433031","Olfr194"
"433182","Eno1b"
"433256","Acsl5"
"433449","Olfr1197"
"433586","Maml3"
"433759","Hdac1"
"434233","Ppp1ccb"
"435802","Cyp4a30b"
"436002","Olfr243"
"494124","Calm5"
"50518","a"
"50523","Lats2"
"50780","Rgs3"
"50784","Plpp2"
"50789","Fbxl3"
"50790","Acsl4"
"50791","Magi2"
"50793","Orc3"
"50883","Chek2"
"50884","Nckap1"
"50908","C1s1"
"50909","C1ra"
"50929","Il22"
"50930","Tnfsf14"
"50931","Il27ra"
"51791","Rgs14"
"51792","Ppp2r1a"
"51801","Ramp1"
"51897","Atg13"
"52163","Camk1"
"52187","Rragd"
"52206","Anapc4"
"52432","Ppp2r2d"
"52563","Cdc23"
"52589","Ncald"
"53310","Dlg3"
"53313","Atp2a3"
"53357","Pla2g6"
"53412","Ppp1r3c"
"53413","Exoc7"
"53603","Tslp"
"53608","Map3k6"
"53623","Gria3"
"53627","Porcn"
"53791","Tlr5"
"53857","Tuba8"
"53859","Map3k14"
"53880","Naip7"
"53892","Ppm1d"
"53901","Rcan2"
"53970","Rfx5"
"53972","Ngef"
"53978","Lpar2"
"54004","Diaph2"
"54123","Irf7"
"54126","Arhgef7"
"541307","Ccl26"
"54131","Irf3"
"54140","Avpr1a"
"54153","Rasa4"
"54167","Icos"
"54170","Rragc"
"54195","Gucy1b1"
"54354","Rassf5"
"54368","Gp9"
"54376","Cacng3"
"54377","Cacng4"
"54378","Cacng6"
"54393","Gabbr1"
"54401","Ywhab"
"54409","Ramp2"
"54473","Tollip"
"544748","Olfr765"
"54483","Mefv"
"54485","Dll4"
"544963","Iqgap2"
"54519","Apbb1ip"
"545205","Olfr111"
"545417","Olfr367-ps"
"54598","Calcrl"
"545985","Olfr612"
"54601","Foxo4"
"54607","Socs6"
"54611","Pde3a"
"54612","Sfrp5"
"54635","Pdgfc"
"54644","Otud5"
"54646","Ppp1r3f"
"546488","Olfr785"
"54652","Cacna1f"
"546729","Calhm1"
"546747","Olfr220"
"546769","Olfr1174"
"546770","Olfr1175"
"546896","Olfr455"
"546989","Olfr607"
"54712","Plxnc1"
"54720","Rcan1"
"54721","Tyk2"
"547349","LOC547349"
"55948","Sfn"
"55984","Camkk1"
"55985","Cxcl13"
"55994","Smad9"
"56014","Olfr70"
"56015","Olfr71"
"56032","Nprl2"
"56044","Rala"
"56066","Cxcl11"
"56089","Ramp3"
"56150","Mad2l1"
"56188","Fxyd1"
"56212","Rhog"
"56221","Ccl24"
"56274","Stk3"
"56289","Rassf1"
"56317","Anapc7"
"56324","Stam2"
"56338","Txnip"
"56371","Fzr1"
"56373","Cpb2"
"56378","Arpc3"
"56379","Kcnj1"
"56392","Shoc2"
"56419","Diaph3"
"56420","Ppp4c"
"56421","Pfkp"
"56438","Rbx1"
"56443","Arpc1a"
"56452","Orc6"
"56458","Foxo1"
"56464","Ctsf"
"56468","Socs5"
"56469","Pias1"
"56473","Fads2"
"56480","Tbk1"
"56484","Foxo3"
"56485","Slc2a5"
"56486","Gabarap"
"56489","Ikbke"
"56505","Ruvbl1"
"56508","Rapgef4"
"56513","Pard6a"
"56532","Ripk3"
"56551","Txn2"
"56554","Raet1d"
"56613","Rps6ka4"
"56632","Sphk2"
"56636","Fgf21"
"56637","Gsk3b"
"56690","Mlycd"
"56692","Lamtor3"
"56716","Mlst8"
"56717","Mtor"
"56739","Rec8"
"56744","Pf4"
"56808","Cacna2d2"
"56811","Dkk2"
"56838","Ccl28"
"56843","Trpm5"
"56858","Olfr749"
"56860","Olfr690"
"56861","Olfr480"
"57014","Htr3b"
"57080","Gtf2ird1"
"57249","Gabrq"
"57250","Olfr653"
"57251","Olfr870"
"57257","Vav3"
"57265","Fzd2"
"57269","Olfr1507"
"57270","Olfr1508"
"57271","Olfr1509"
"57272","Olfr140"
"57342","Parva"
"57349","Ppbp"
"57385","P2ry4"
"57435","Plin4"
"57436","Gabarapl1"
"57810","Cdon"
"57875","Angptl4"
"57913","Pidd1"
"57914","Crlf2"
"57915","Tbc1d1"
"58170","Asic5"
"58179","Klrc3"
"58181","Il20"
"58200","Ppp1r1a"
"58203","Zbp1"
"58220","Pard6b"
"58226","Cacna1h"
"58231","Stk4"
"58235","Nectin1"
"58801","Pmaip1"
"58802","Kcnmb4"
"58988","Rps6kb2"
"58991","Ghrl"
"58992","F12"
"58998","Nectin3"
"59004","Pias4"
"59008","Anapc5"
"59021","Rab2a"
"59027","Nampt"
"59032","Ppp2r3c"
"59056","Evc"
"59069","Tpm3"
"59079","Erbin"
"59125","Nek7"
"59287","Ncstn"
"59310","Myl10"
"60504","Il21r"
"60505","Il21"
"60595","Actn4"
"60596","Gucy1a1"
"60597","Mapk8ip2"
"606496","Gsk3a"
"621580","Gm21953"
"621823","Psme2b"
"622434","Arhgef26"
"629524","Olfr286"
"629959","Gm7020"
"630294","Gm7030"
"634104","Olfr287"
"637515","Nlrp1b"
"63873","Trpv4"
"63953","Dusp10"
"64010","Sav1"
"64058","Perp"
"64099","Parvg"
"641025","LOC641025"
"64138","Ctsz"
"64143","Ralb"
"64337","Gng13"
"64654","Fgf23"
"64704","Htra2"
"64930","Tsc1"
"65020","Zfp110"
"65086","Lpar3"
"65254","Dpysl5"
"65956","Ccl21c"
"65964","Map3k20"
"66066","Gng11"
"66096","Lamtor4"
"66102","Cxcl16"
"66113","Apoa5"
"66144","Atp6v1f"
"66156","Anapc11"
"66237","Atp6v1g2"
"66290","Atp6v1g1"
"66313","Smurf2"
"66335","Atp6v1c1"
"66340","Psenen"
"66350","Pla2g12a"
"66354","Snw1"
"66440","Cdc26"
"66482","Exoc2"
"665033","Col6a5"
"66508","Lamtor1"
"66513","Tab1"
"66593","Diablo"
"666168","Cyp4a31"
"66641","Sike1"
"666513","Gm11787"
"66671","Ccnh"
"66724","Tab3"
"667803","H2-T-ps"
"66786","Olfr701"
"667977","Gm8909"
"668035","Olfr687"
"668101","Sirpb1b"
"66811","Duoxa2"
"66822","Fbxo25"
"66824","Pycard"
"66853","Pnpla2"
"66922","Rras2"
"66935","Cir1"
"66940","Shisa5"
"66968","Plin5"
"67046","Tbc1d7"
"67071","Rps6ka6"
"67087","Ctnnbip1"
"67112","Fgf22"
"67141","Fbxo5"
"67168","Lpar6"
"67268","Myl12a"
"67296","Socs4"
"67384","Bag4"
"67414","Mfn1"
"67469","Abhd5"
"67526","Atg12"
"67579","Cpeb4"
"67603","Dusp6"
"67605","Akt1s1"
"67653","4930544G11Rik"
"67664","Rnf125"
"67673","Elob"
"67731","Fbxo32"
"67771","Arpc5"
"67772","Chd8"
"67821","Atp1b4"
"67874","Rprm"
"67916","Plpp3"
"67923","Eloc"
"67938","Myl12b"
"67955","Sugt1"
"67972","Atp2b1"
"68010","Bambi"
"68089","Arpc4"
"68098","Rchy1"
"68118","Atg101"
"68263","Pdhb"
"68318","Aph1c"
"68365","Rab14"
"68401","G6pc3"
"68428","Steap3"
"68441","Rraga"
"68458","Ppp1r14a"
"68465","Adipor2"
"68473","Mob1b"
"68525","Evc2"
"68553","Col6a4"
"68566","Caly"
"68576","Lamtor5"
"68652","Tab2"
"68667","Trpm4"
"68734","Ppp4r3a"
"68775","Atp6v1c2"
"68794","Flnc"
"68961","Phkg2"
"68999","Anapc10"
"69008","Cab39l"
"69010","Anapc13"
"69146","Gsdmd"
"69601","Dab2ip"
"69632","Arhgef12"
"69717","Gm10499"
"69836","Pla2g12b"
"69957","Cdc16"
"70405","Calml3"
"70425","Csnk1g3"
"70549","Tln2"
"70584","Pak4"
"70686","Dusp16"
"70729","Nos1ap"
"70839","P2ry12"
"70891","Spdya"
"71586","Ifih1"
"71609","Tradd"
"71718","Telo2"
"71724","Aox3"
"71740","Nectin4"
"71742","Ulk3"
"71751","Map3k13"
"71775","1300017J02Rik"
"71785","Pdgfd"
"71872","Aox4"
"71890","Mad2l2"
"71960","Myh14"
"71978","Ppp2r2a"
"72049","Tnfrsf13c"
"72124","Seh1l"
"72149","Strada"
"72293","Nkd2"
"72318","Cyth4"
"72349","Dusp3"
"72399","Brap"
"72413","Kcnmb2"
"72415","Sgo1"
"72469","Plcd3"
"72508","Rps6kb1"
"72512","Tmem173"
"72542","Pgam5"
"72568","Lin9"
"72674","Adipor1"
"72843","Prdm4"
"72930","Ppp2r2b"
"72993","Appl1"
"73086","Rps6ka5"
"73174","Tbkbp1"
"73178","Wasl"
"73181","Nfatc4"
"73246","Rassf6"
"73251","Setd7"
"73333","Slc25a31"
"73341","Arhgef6"
"73699","Ppp2r1b"
"73834","Atp6v1d"
"73914","Irak3"
"74006","Dnm1l"
"74044","Ttf2"
"74055","Plce1"
"74145","F13a1"
"74147","Ehhadh"
"74192","Arpc5l"
"74198","Dtx2"
"74205","Acsl3"
"74256","Cyld"
"74343","Crtc2"
"74370","Rptor"
"74499","Sost"
"74551","Pck2"
"74568","Mlkl"
"74673","Spdye4a"
"74747","Ddit4"
"74769","Pik3cb"
"74915","Atp6v1e2"
"751864","Gm9733"
"75292","Prkd3"
"75425","Tti1"
"75477","Pfn3"
"75590","Dusp9"
"75600","Calml4"
"75660","Lin37"
"75705","Eif4b"
"75747","Sesn3"
"75778","Them4"
"75788","Smurf1"
"75826","Senp2"
"76089","Rapgef2"
"76441","Daam2"
"76709","Arpc2"
"76854","Gper1"
"76857","Spopl"
"76884","Cyfip2"
"77040","Atg16l1"
"77480","Kidins220"
"77579","Myh10"
"77583","Notum"
"77683","Ehmt1"
"77777","Ulbp1"
"78070","Cpt1c"
"78134","Lpar4"
"78284","Creb3l4"
"78390","Pla2g4d"
"78405","Ntf5"
"78473","Skap1"
"78514","Arhgap10"
"78625","Acsbg3"
"78757","Rictor"
"78803","Fbxo43"
"78943","Ern1"
"79264","Krit1"
"79362","Bhlhe41"
"80706","Olfr160"
"80794","Cblc"
"80796","Calm4"
"80797","Clca3a2"
"80857","Fgf20"
"80861","Dhx58"
"80885","Hcar2"
"80901","Cxcr6"
"80903","Fgf16"
"80904","Dtx3"
"80911","Acox3"
"81004","Tbl1xr1"
"81877","Tnxb"
"81897","Tlr9"
"81904","Cacng7"
"81905","Cacng8"
"83409","Lamtor2"
"83430","Il23a"
"83433","Trem2"
"83490","Pik3ap1"
"83767","Wasf1"
"83770","Tas1r2"
"83771","Tas1r3"
"83814","Nedd4l"
"83961","Nrg4"
"83995","Mmp1a"
"83996","Mmp1b"
"84112","Sucnr1"
"85031","Pla1a"
"93672","Il24"
"93687","Csnk1a1"
"93732","Acox2"
"93735","Wnt16"
"93737","Pard6g"
"93739","Gabarapl2"
"93742","Pard3"
"93759","Sirt1"
"93840","Vangl2"
"93897","Fzd10"
"93960","Nkd1"
"94176","Dock2"
"94180","Acsbg1"
"94216","Col4a6"
"94226","S1pr5"
"94275","Maged1"
"97064","Wwtr1"
"97998","Deptor"
"98432","Phlpp1"
"98660","Atp1a2"
"98932","Myl9"
"99152","Anapc2"
"99167","Ssx2ip"
"99470","Magi3"
"99571","Fgg"
"99663","Clca4a"
"99709","Clca4b"
