Cell Type,NO.,Group 0,Group 1,Group 2,Group 3,Group 4,Group 5,Group 6,Group 7,Group 8,Group 9
PrE,1,dense_13,dense_24,dense_35,dense_27,dense_66,dense_74,dense_42,dense_56,dense_55,dense_81
early2cell,2,ppi_59,ppi_227,ppi_125,ppi_133,TF: stat5a,TF: crx,TF: fli1,dense_6,ppi_60,TF: zeb1
mid2cell,3,dense_73,dense_98,dense_31,dense_4,dense_34,dense_24,dense_96,dense_26,dense_47,dense_46
4cell,4,dense_47,dense_21,dense_67,TF: pgr,TF: irf5,TF: mxd1,dense_42,dense_62,ppi_12,ppi_197
late2cell,5,dense_95,dense_23,dense_35,dense_99,dense_27,dense_7,dense_93,TF: nr3c1,TF: e2f4,ppi_325
BMDC,6,dense_36,dense_98,dense_84,dense_10,dense_16,dense_68,dense_67,dense_59,dense_61,dense_91
8cell,7,dense_9,dense_13,dense_22,dense_52,dense_1,dense_92,dense_15,dense_55,dense_43,dense_80
16cell,8,dense_36,dense_95,dense_44,dense_46,dense_88,dense_98,dense_4,dense_49,dense_64,dense_87
midblast,9,dense_72,dense_44,dense_89,dense_95,dense_21,dense_43,dense_7,dense_78,dense_67,dense_94
fibroblast,10,dense_5,ppi_125,ppi_222,ppi_223,TF: nfatc2,ppi_301,TF: tal2,TF: sox12,dense_81,TF: znf589
lateblast,11,dense_66,dense_55,dense_76,dense_78,dense_24,dense_37,dense_56,dense_42,dense_79,dense_20
zy,12,TF: zbtb16,ppi_10,ppi_41,ppi_238,ppi_204,TF: irf8,ppi_57,ppi_201,ppi_280,TF: foxd3
earlyblast,13,dense_78,dense_83,dense_62,dense_66,dense_23,dense_90,dense_15,dense_42,dense_50,dense_54
BXC,14,dense_4,dense_14,dense_74,dense_1,dense_82,dense_84,dense_86,dense_12,dense_85,dense_31
ES,15,dense_95,dense_4,dense_62,dense_52,dense_24,dense_37,dense_88,dense_73,dense_22,dense_55
C57twocell,16,dense_6,dense_10,TF: rxra,TF: runx2,TF: gabpb2,ppi_193,ppi_186,TF: etv4,ppi_107,TF: maz
dense_95,4,hoxc4 heyl peli3 hsd17b11 otop2 tanc1 dnajb7 sostdc1 hpca nr4a3 wnt11 rufy4 kcnk12 noxa1 cd3g nr2f1 chrnb1 crygb igdcc3 dchs1 efs nos1ap son lrp3 clic5 myo7a itpkb sfxn1 lhx2 armcx1 abi2 srp14 tspyl2 birc7 cdh4 efcab2 akap3 cdc42ep1 anapc1 sgtb vcl ppp2r5a ubr1 fbxo4 tap1
dense_55,4,akap3 card9 jrkl dok7 myo1e ap3s1 acvrl1 lgi3 tspan8 nanp nms gng2 ndrg1 efhd2 dnlz arhgap31 tifa spire2 grin1 tmprss2 qrfp dnajb7 slc17a9 itk traf3ip3 wfdc5 fabp3 she ifi44 eps8l1 cbln3 fmnl1 evx2 gpr137c tspan1 kctd4 crygb ticam2 gpr4 tmsb10 ido1 apol6 fgfr2 tmem54 hist1h1b ctsz dmrta2 htatip2 rps6kb2 il18bp gabpb2 bcl6 gsta4 sun2 efs ccdc42 tnfsf11 eomes krt18 trmt5 gpr132 scarb2 gtf2f2 dock8 ppl crip1 efcab2 krtap17-1 prpsap2 anxa6 ntrk2 samd8 slc17a7 cyb5rl flrt3 slc12a3 myh9 nudt15 cyc1 brix1 ing2 tcte1 rbl1 sgta gripap1 fuz fkbp1b myo7a tmem59 sgk3 rgma krt14 tulp2 cops4 slc6a14 acadvl snx12 wdr1 il7r ankmy1 nudt22
dense_42,4,akap3 acvrl1 dnajb7 lgi3 spire2 gng2 ap3s1 immp2l ticam2 ndrg1 wfdc5 ntrk2 dpysl4 il18bp tspan8 nanp grin1 rbp2 she cbln3 apol6 jrkl ssh2 oxsm fgfr2 eif4ebp3 tmsb10 tnfsf11 crygb efcab2 trmt5 nms cd3g rps6kb2 ankmy1 htatip2 lag3 hrk krt18 cnga3 ido1 ubr1 scarb2 tifa hist1h1b dusp6 myo7a slc17a9 ccdc42 nr2f1 dmrta2 samd8 sla vcl traf3ip3 zfyve28 aif1l ptgir amn snap47 rasgrf1 gpr4 card9 mip rbl1 evx2 igsf1 kctd4 psmd13 vrk1 tspan1 tulp2 eomes myo1e limk2 lpar4 tmprss2 fmnl1 slc6a14 slc17a7 ifi44 hnrnpa0 pde7a pms1 bcl6 dok7 otop2 crip1 trappc6b crygc qrfp pola1 tmem86a tram1l1 heyl slco4a1 eif2b5 dlgap3 nudt15 sun2 efhd2 poldip2 nkx2-3 myo1g rfesd ankrd39 ccdc89 gabpb2 cd2bp2 zcwpw1 efna3 clic5 ftsj1 mapk8ip1 cyc1 zscan18 myh9 s100a14 fuz prkaa1 p2ry6 tcte1 rpap3 ppp1r9a mdm2 ing2 lgals1 ppp1r1a plp2 tpm1 col11a2 ttc1 ppl nmral1 osm hdac9 ubl7 nudt22 mettl10 wfikkn2 rbpj rad18 kptn gnpat rcan1 rhpn1 brix1 atp6v0e2 klf1 gata2 wdr46 prdm1 h2afv ostm1 iqgap2 klhl36 dnlz hmox2 spag7 batf3 kcnk12 pigv rgma uaca stam2 krt14 ctsz cd40 arhgef10 ahi1 mettl8 amph fndc4 cyth2 fabp3 oaz1 agpat1 pirt alg1 cd2ap hist1h1d cpne4 pmm1 slc22a17 pus10 cachd1 cd2 crb2 evpl mst1r sart1 tmx1 spred3 cdh4 kdm3a hist1h4b far1 enpp1 hook1 ino80c srp14 spopl tepp hist1h4c arhgap31 azin1 hsd17b11 psmc1 iqcb1 sdccag8 mdm1 mfhas1 prps2 lpin1 mtdh rufy4 tmem41b rbm39 lss ythdf3 krt8 rras fbxl4 myl2 ucn2 tmem54 lsm12 cops7a ube2l3 sgta recql klhl2 snrpa1 gpr132 dlx2 samm50 tbpl1 prdm10 smek2 atad5 fam129a ttc9 psmd5 inf2 mrpl16 lat2 thnsl1 slc22a4 cln3 hpca tbr1 nudcd2 atp6v0a1 eprs cox4i1 cdx2 cyb5rl terf2 gsta4 gja1 pcdhb14 fam122b casp6 cdk5 chd1l rpl10l dennd4a
dense_4,4,acvrl1 ntrk2 evx2 akap3 igsf1 spire2 rps6kb2 kcnk12 amn nr2f1 myo7a slc17a9 lgi3 dok7 psd hnrnpa0 klhl36 col11a2 grin1 apol6 tnfsf11 rbl1 she samd8 tnk2 il18bp cse1l mthfd1l dnlz ing2 pirt sema4c ctnna1 otop2 ido1 card9 eif4ebp3 cars fuz immp2l gpr132 efs lag3 map3k14 pde7a crb2 son efhd2 trmt5 ppp1r9a hrk ppcs wdr11 pigv evpl mdn1 pold2 arhgef10 cyb5r1 maf n4bp3 efcab2 tbpl1 tbx10 tecpr1 limk2 rangrf rbm26 spopl abcd1 cox11 dlgap3 dhps pdcd4 mcm9 iqgap2 dsel hook2 dnajb7 dars2 stim1 etv5 hmox2 jrkl
dense_24,4,akap3 acvrl1 dok7 grin1 il18bp she ido1 card9 ap3s1 hrk eps8l1 jrkl dnlz gng2 samd8 slc17a9 lgi3 ntrk2 apol6 evx2 gpr132 myo1e dpysl4 ftsj1 gabpb2 efcab2 immp2l lpar4 trmt5 nanp spire2 nms cyc1 hist1h1b traf3ip3 krt14 eif4ebp3 paqr3 rps6kb2 tcte1 tnfsf11 oxsm tet2 fuz ttll5 tnk2 ubxn11 gpr4 ssh2 slc25a22 ccdc42 ifi44 slc17a7 aif1l nudt15 zfyve28 pou4f2 ctsz tmem54 eomes dmrta2 dlgap3 tulp2 snx12 gsta4 ppcs rbpj arhgap31 lag3 ppp1r9a batf3 slc17a5 sun2 smek2 myl7 hook1 map3k14 rbp2 igsf1 sdccag8 evpl ubr1 fbxo44 etv5 efs tnip3 cse1l spopl mip gpnmb egr3 ccl3 fmnl1 ndrg1 klhl2 spns2 clmn ppl efhd2 anxa6 gtf2f2 amn capns1 spag7 anxa1 tmsb10 hnrnpa0 tspan2 lmf2 prkch fgfr2 rgma flrt3 ccdc103 elk3 poldip2 mtdh tbc1d10c fibp ift122 krt18 kcnn4 tspan17 dhdds fis1 brap metrnl terf2ip exph5 ing2 slc35a5 ankmy1 vcan fam122b slamf9 bcl6 esyt2 ppp1r1a mras pde7a il7r ccr5 kctd4 pofut1 lama5 ppp2r5d gnpat sbf1 atp6v1g1 trmu pigv nmral1 ipo4 far1 wdr11 mfhas1 myo7a slc25a46 tgif1 ttc9 coro1a nudcd2 bach2 ube2o chst15 lrpap1 mapk8ip1 nfatc3 mtap bahd1 tram1l1 lig3 fbxl4 gpr137c stag1 jam3 susd1 tifa lrg1 cachd1 fgfr3 taf12 osgep sec23ip sod2 p4ha2 reps2 cdh24 a2m col11a2 st3gal4 podxl ppp1cb dsel hk2 pirt scn8a mns1 sgta pip4k2b hnf1b slco4a1 fgf3 dnajb7 gja1 cpt2 pttg1ip slc39a11 gnaq srp14 kcnk12 ptgr1 usp22 cdx2 fam131c fermt3 clic5 dars2 irf1 slc15a3 pdk1 fhl2 bst2 slc36a4 dusp6 atad5 cap1 n4bp3 ppp1r14c iqcc npr1 bmper pafah1b3 slc6a18 klhl3 lrfn4 nbn zscan18 tspan8 litaf prep
dense_98,3,
dense_78,3,akap3 dnajb7 htatip2 gng2 tspan8 wfdc5 wfikkn2 qrfp otop2 cbln3 ndrg1 kctd4 rufy4 ccdc42 slc6a14 nanp nms crygb sostdc1 myl2 fabp3 efhd2 hist1h1b acvrl1 ppl efcab2 noxa1 hoxc4 aif1l rbp2 sla tram1l1 srp14 ap3s1 tmsb10 mdm2 ptgir batf3 krtap17-1 tifa ticam2 lgi3 trmt5 peli3 ankmy1 hspe1 amph oxsm hdac9 hs3st3b1 immp2l slco4a1 smek2 krt18 cdx1 tmem25 apol6 pgd cnga3 rasgrf1 cd3g apcdd1 haus5 ankrd39 mbd4 slc12a3 tspan1 dmrta2 rgma gja1 gpr37l1 slc31a1 gin1 snap47 tbxas1 crygc chchd1 adsl prep tceb2 adam2 rnasel ikbke uqcr10 ift122 prlhr mettl10 fgfr2 lpar4 cyc1 s100a14 myo1g scarb2 gaa foxred1 lace1 arhgap31 ttc9 ndufv2 myo1e gtf2f1 klhl3 exoc7 rabgap1 pole3 heyl zcchc7 runx3 cdrt4 dnlz prkag1 ptpn6 rai14 fkbp1b dph2 sgta taf15 nos1ap evpl ing2 kdelc1 aif1 mst1r amn oaz1 trit1 tmem86a med8 dusp6 pmaip1 pik3cg gtf2f2 zw10 dock8 terf2ip arhgap15 ikbkg cd40 fcho2 ctsz sun2 dlx2 grin1 plekha1 rbl1 gnpat dennd4a she enpp1 tff3 cryzl1 ttc1 gata3 hira txn2 pigv eepd1 gss hist1h4d eif4ebp3 crip1
dense_67,3,rufy4 wfikkn2 htatip2 dnajb7 wfdc5 cbln3
dense_66,3,akap3 dnajb7 gng2 acvrl1 tspan8 nanp myo1e slc6a14 htatip2 ap3s1 hist1h1b nms il18bp trmt5 ndrg1 cbln3 fabp3 otop2 efhd2 dnlz crygc rufy4 wfdc5 oxsm ntrk2 rasgrf1 slco4a1 lgi3 ccdc42 krt18 sla apol6 crygb dok7 grin1 jrkl ticam2 hrk cd3g efcab2 tspan1 qrfp srp14 aif1l ing2 sostdc1 rbp2 tifa dpysl4 vcl lgals1 card9 peli3 ssh2 dock8 enpp1 anxa6 ankmy1 ppl scarb2 cnga3 tmsb10 bcl6 apcdd1 spire2 ift122 itk nkx2-3 pofut1 kptn dmrta2 prkag1 prkaa1 ostm1 pgd sun2 id2 slc22a4 vrk1 tram1l1 efs slc17a7 tmem54 ubxn11 hoxc4 coro1a krtap17-1 bach2 tulp2 ctsz inf2 ttc9 heyl prep gja1 kctd4 dlgap3 crip1 eps8l1 sgta hook1 tcte1 myo1g dlx2 rbl1 cdx2 ndufa7 bid ucn2 atad5 phf5a fermt3 azin1 she mapk8ip1 ttc1 eomes igsf1 nos1ap uqcr11 batf3 klhl3 slc25a46 gsta4 dusp6 pcyox1l noxa1 fgfr2 sod2 pde7a lig3 tmem86a hnf1b slc12a3 rpap3 tmprss2 acot2 eif2b5 efna3 hdac9 kdm3b uba52 arhgap31 samd8 fmnl1 rgma gpr4 hist1h4c fbxl4 smek2 plaur sgk3 trappc6b pbk ascc2 ubr1 bcl11b poldip2 myl6 polr1a spag7 lace1 pola1 adsl nr2f1 rpp30 acrbp rad18 cd2ap mdm2 gata2 trit1 eps15 psmd13 tceb2 klf1 prkcd ido1 nudt22 lag3 gpr132 ccdc89 gpr137c casp6 myl2 h2afv acadvl mpp6 zcwpw1 ino80c prdm1 mpped2 cpne4 eif4ebp3 recql hspe1 ppp2r5d sar1a myh9 kidins220 s100a14 ppt2 appl1 immp2l bub1 hist1h4b psmc1 wfikkn2 tnfsf11 hgs ifi44 mif4gd mtap irf1 cox4i1 paqr3 fhl2 agbl5 ppp1r1a pigv hsd17b11 ubl7 cdh24 traf3ip3 slc39a2 nudt15 cse1l gaa slc17a9 abcd1 pttg1ip prr12 gdf11 atp6v0e2 ufc1 ankrd39 slc39a4 batf ankzf1 mrpl16 ptgir tmem41b samm50 spns2 tmx1 ndufv2 pank4 bahd1 chpf2 lrg1 brd9 mis12 reep3 rpl10l rab13 elk3 prkrip1 atrip cd2bp2 myl7 zfyve27 krt14 ythdf3 cops7a upk1a hp1bp3 snx33 gin1 zfyve1 arfgap1 eno3 chst12 pole3 slc39a11 adprhl2 hist1h1d vps26a dnajc15 myo7a rfesd hpca kdelc1 galr2 mst1r mdm1 casc4
dense_62,3,dnajb7 wfdc5 htatip2 crygb slc6a14 tspan1 tspan8 rufy4 qrfp cbln3 crygc noxa1 nos1ap akap3 gng2 rasgrf1 cd3g wfikkn2 ankmy1 ndrg1 ccdc42 nanp vcl srp14 efs tmsb10 hsd17b11 dock8 slc12a3 myl2 dmrta2 upk1a slc22a4 krtap17-1 efcab2 apcdd1 myo7a ticam2 haus5 lgi3 lgals1 cnga3 eomes gss uqcr11 snap47 cpne4 fabp3 slco4a1 marveld3 pms1 scarb2 igsf1 psmd14 satb2 krt18 acsbg1 nab1 foxred1 slc31a1 plaur zyx tifa aif1l atp5e clic5 lima1 enpp1 dstn osr2 ndufv2 nms fmnl1 klf1 lrrc20 dnlz rab3ip samm50 ift122 pde7a gpatch4 ikbke ntrk2 cebpa efhd2 fgfr2 hist1h4d
ppi_125,2,ap1m1 gak ap1s2 ap1g1 dner ap1b1 kif13a ehd2 ap1s1 ap1m2 ap1ar
dense_88,2,dnajb7 gng2 qrfp acvrl1 crygb nanp ap3s1 rufy4 efs efcab2 crygc pde7a igsf1 col11a2 mxra7 ubr1 dok7 card9 tspan8 tulp2 htatip2 jrkl rasgrf1 lgals1 lgi3
dense_84,2,nos1ap slco4a1 dnajb7 batf3 nanp rbp2
dense_81,2,akap3 acvrl1 jrkl dok7 apol6 ntrk2 evx2 lgi3 hrk oxsm spire2 card9 nms efcab2 slc17a7 dnlz samd8 il18bp ccdc42 ap3s1 traf3ip3 dnajb7 eps8l1 grin1 ssh2 ido1 nanp gabpb2 efhd2 myl7 lag3 fuz dpysl4 igsf1 efna3 hnrnpa0 ing2 tnfsf11 eif4ebp3 bcl6 cyc1 gpr4 ftsj1
dense_74,2,akap3 dok7 il18bp gpr132 jrkl traf3ip3 dnlz trmt5 she acvrl1 ido1 card9 eps8l1 spire2 grin1 apol6 tmem54 myo1e evx2 heyl anxa1 gng2 nms ifi44 samd8 ppp1r14c ppl
dense_73,2,dok7 akap3
dense_7,2,
dense_6,2,
dense_56,2,akap3 acvrl1 evx2 il18bp dok7 otop2 ccdc42 card9 spire2 ndrg1 grin1 dnlz trmt5 jrkl ppl lgi3 samd8 apol6 efhd2 ido1 tmem54 aif1l ntrk2 hoxc4 dnajb7 efcab2 gng2 hrk gabpb2 tram1l1 kctd4 rgma ctsz tifa eif4ebp3 slc17a7 nanp oxsm nms ftsj1 ap3s1 gpr132 ubxn11 cnga3 heyl pde7a myl7 tnfsf11 prdm10 sun2 zbtb33 zfyve28 tet2 eps8l1 myo1e arhgap31 kdm3b qrfp rps6kb2 tmsb10 nmral1 sostdc1 spag7 dock8 traf3ip3 zcwpw1 she srp14 scarb2 col11a2 fhl2 eif2b5 arl6ip4 amn ttll5 slc6a18 atad5 ccnc cxcl2 kptn myl2 snx12 prkch zbtb48 trappc6b plaur esyt2 tmem86a slc6a14
dense_52,2,ap3s1 akap3 apol6 lgi3 dnlz
dense_47,2,wfdc5 rufy4 wfikkn2 evx2 myl2
dense_46,2,
dense_44,2,wfdc5 akap3 tspan8 prlhr gng2 slc6a14 slc12a3
dense_43,2,akap3 acvrl1 evx2 samd8 trmt5 efcab2 slco4a1
dense_37,2,akap3 lgi3 nanp cbln3 gng2 dnajb7 ap3s1 slc6a14 grin1 apol6 acvrl1 ndrg1 efcab2 myo1e tmsb10 ccdc42 qrfp she wfdc5 dmrta2 aif1l tspan8 sla hist1h1b htatip2 il18bp scarb2 kctd4 eif4ebp3 tspan1 cyc1 evx2 crygc eomes trmt5 cd3g ido1 spire2 lag3 rbp2 arhgap31 ptgir batf3 immp2l tnfsf11 card9 slco4a1 srp14 ift122 ticam2 gpr4 nms vcl dok7 vrk1 ubr1 dnlz oxsm tmem54 ppl rgma mbd4 acsbg1 crip1 bcl6 dock8 hook1 fabp3 dlgap3 efhd2 hist1h4b efs dpysl4 p2ry6 igsf1 slc22a4 prep myl7 traf3ip3 slc17a9 myh9 rps6kb2 pde7a krtap17-1 hsd17b11 tmprss2 krt18 ntrk2 eps8l1 amph tjp2 rbm39 rufy4 nudt15 cnga3 limk2 rpap3 fgfr2 ppcs ankmy1 rbl1 zfat ssh2 plaur rhpn1 klhl3 hrk fam131c hdac9 ostm1 clic5 txn2 klhl36 tbcd paqr3 nmral1 arhgef10 slc12a3 myo7a ubxn11 hist1h4d eps15 ing2 smek2 hnf1b psd slc17a7 samm50 ndufv2 ctsz slc17a5 crygb ttc1 pofut1 myo1g sgta rasgrf1 wfikkn2 pik3cg mrpl16 hs3st3b1 tifa hspe1 lsm12 poldip2 fmnl1 adam2 jrkl zbtb33 gsta4 sun2 gin1 gja1 brix1 gaa prss35 mip sgk3 hist1h1d bach2 ttll5 n4bp3 recql prpsap2 gnaq snap47 atrip c1ql4 myl12b efna3 setmar haus5 poc1b slc31a1 ogdh rad18 atp6v1g1 hist1h4c appl1 klf1 fam122b ftsj1 ngdn man2b1 jtb prkaa1 ccdc134 mettl4 tubg1 pola1
dense_36,2,wfdc5 rufy4 htatip2 nanp akap3 tspan8 dnajb7 sla crygc slco4a1 kctd4 ccdc42 nms cbln3 cd3g gng2 aif1l rasgrf1 lgi3 fabp3 efhd2 srp14 tspan1 arhgap15 dmrta2 myo1g fgfr2 qrfp hcls1 crygb slc6a14 hs3st3b1 psmd13 eomes apcdd1 dock8 hist1h1b ptgir batf apol6
dense_35,2,jrkl akap3 she acvrl1 hrk dok7 traf3ip3 spire2 ap3s1 card9 oxsm ifi44 evx2 ido1 myo1e gpr137c gabpb2 il18bp dpysl4 gpr132 nms samd8 eps8l1 tnfsf11 ftsj1 dlgap3 trmt5 flrt3 snx12 lgi3 arhgap31 grin1 dnlz hoxc4 kcnn4 prdm10 slc17a7 kif13a sostdc1 tslp immp2l ppp1r14c slc17a9 ubxn11 slc25a22 tet2 egr3 tcte1 rgma zfyve28 ntrk2 ndrg1 fam131c nmral1 aif1l paqr3 rps6kb2 peli3 krt14 spag7 mamdc4 ttc9 il7r otop2 myl7 hook1 ing2 aldoa gripap1 cxcl2 pak6 slc15a3 rnh1 skap2 dusp6 sun2
dense_31,2,wfdc5 evx2 tspan1
dense_27,2,acvrl1 dok7 akap3 ido1 il18bp jrkl card9 hrk gpr132 apol6 slc17a9 traf3ip3 myo1e dnlz flrt3 samd8 dpysl4 ap3s1 gabpb2 lag3 nanp tifa gpr137c eif4ebp3 evx2 mip grin1 hoxc4 she anxa1 ifi44 paqr3 slamf9 nms ccl3 tram1l1 tslp
dense_23,2,wfdc5 htatip2 rufy4 slc12a3 tspan1 wfikkn2 mxra7 noxa1 evx2 tspan8 crygc gng2 crygb athl1 gp2 btd rorc klc1 tmem25 rasgrf1 pcsk6 icam2 dnajc16 h6pd slc6a14 rrm2 cbln3 hrct1 dnajb8 ptcd3 cog5 sfxn5 hsd17b11 mrps35 prlhr psmd4 psmc1 qrfp kdelc2
dense_22,2,akap3 lgi3 ap3s1 samd8 she grin1 trmt5 hist1h1b ttll5 hs3st3b1 hnrnpa0 acvrl1 evx2 eif4ebp3 rbp2 apol6 capns1 itk
dense_21,2,akap3 heyl jrkl sostdc1 acvrl1 tspan2 klc1 traf3ip3 hoxc4 otop2 samd8 dchs1 card9 il18bp galr2 hist1h1b ifi44 hpca fst lsr dkk1 birc7 cobll1 cplx2 nr4a3
dense_15,2,evx2 akap3 wfdc5 rufy4 myl2 wfikkn2 jrkl ctnna1 trpc6 trmt5 noxa1 acvrl1 ido1 pcsk6 gp2
dense_13,2,akap3 dok7 acvrl1 ido1 il18bp jrkl traf3ip3 otop2 dpysl4 hoxc4 card9 oxsm sostdc1 egr3 gabpb2 hpca slc17a9 arhgap31 samd8 evx2 gpr132 grin1 eps8l1 syt13 peli3 bcl6 heyl trmt5 hrk ifi44 she spire2 apol6 immp2l tcte1 tspan2 anxa1 nms metrnl myo1e tslp ppp2r5d rps6kb2 ptprg nanp lpar4 sec24d wnt11 spag7 lag3 prdm10 gpr4 ppl ap1s2 pros1 fam131c nmral1 taf7l lgi3 tram1l1 gpr137c stag1 mip paqr3 fam101a ftsj1 zscan18 ubxn11 kcnn4 smek2 ntrk2 ttc9 atg2b cyc1 rala dse serpinh1 ccr5 sp8 hist1h1b cxcl2 gripap1 tnfsf11 dkk1 zfp37 slc17a7 tmem54 zcwpw1 pdia4 fbxo44 trpc6 tet2 leprotl1 zfp91 tyro3 fam129a agpat3 mbtps1 ppp1r14c pth1r n4bp3 cdk9 tbc1d5 dhx35 tgfb1i1 myl2 rbbp5 gdf11 efhd2 neurl4 flrt3 pstk mettl4 ccnc esyt2 ccl3 gns dyrk1a dlx6 ankrd54 nars2 cd164 birc7 abhd5 itpkb slamf9 npr1
dense_10,2,wfikkn2 rufy4 cbln3 noxa1 dpysl2
dense_1,2,akap3 grin1 acvrl1 she dok7 il18bp oxsm myo1e spire2 ssh2 ido1 lpar4 evx2 tram1l1 apol6 tnfsf11 tcte1 amn trmt5 klhl36 smek2 nr2f1 kctd4 slc17a9 ntrk2 hrk tulp2 cxcl2 traf3ip3 slc35a5 lag3
ppi_60,1,trio cdc5l prpf3 prpf19 plrg1 cetn2 sfi1 naa40 ctnnbl1 setmar cwc15 bcas2 emid1
ppi_59,1,cd46 cd9 cd82 itga7 cd151 itga3 mmp7 ptgfrn clgn adam2 hbegf
ppi_57,1,eif3h eif3a eif3i eif3f eif3l eif3b eif3d eif3c eif3e fbxo32 eif4a2 eif3g eif3k usp3 prrc2b eif1b eif3m tmem203
ppi_41,1,ndufs1 atp5f1 ndufa12 ndufb9 ndufs4 ndufb10 ndufs7 ndufb5 cyc1 msln cox15
ppi_325,1,ripk1 tnfaip3 casp8 tradd tnfrsf1a dedd cflar traf1 fadd nucb2 casp8ap2 casp6 tnfrsf10b pcyt1a fas tnfrsf25 clip3 tnfrsf21 plin4
ppi_301,1,tada2b yeats2 tada2a dr1 kat2a mbip csrp2bp wdr5 zzz3 usp22 dock6 luzp1 drap1 tada3 helt
ppi_280,1,gsn pxn tln1 tgfb1i1 ptk2 vcl bcar1 nedd9 pkd1 nphp1 sele ptk2b git1 ptprh tns1 sorbs1 nrap sh2d3c coro2b
ppi_238,1,ash2l kdm6a chd8 setd1a rbbp5 wdr82 kifc1 wdr5 pygo2 cxxc1 pax7 kdm4b hcfc2 kdm6b ulk3
ppi_227,1,srgap3 wasf1 gas7 dnmbp nckap1 wasf2 abi1 cyfip1 cyfip2 wipf3 vstm2l
ppi_223,1,pdgfra bcar1 nedd9 crkl dock3 crk krt76 shb krt12 rapgef1 cass4 sh3bp1 map4k5 avil
ppi_222,1,cpsf3l ints2 ints3 ints5 ints12 ints7 ints9 ints10 ddx26b ints8 ints4 naif1 ints6
ppi_204,1,mir196b pbx2 pknox1 pbx1 meis2 meis1 hoxd9 hoxa9 hoxb1 hoxd11 tlx1 pknox2 hoxb8
ppi_201,1,cbx4 cbx2 rnf2 cbx8 scmh1 ccdc158 pcgf2 bmi1 pcgf6 phc1 phc3 phc2 ring1 cbx7 pcgf5 pcgf1 fbrs yaf2 zfp42 pcgf3 rybp trank1 ankrd26
ppi_197,1,cyb5b mrps16 mrpl32 nfkbil1 mrps22 mrps26 mrps9 mrpl42 mrps35 mrps28 mrps18b mrps25 mrpl21
ppi_193,1,cpsf3l shfm1 ints2 ints3 ints5 ints12 ints7 ints9 ints10 ints8 ints4 naif1 ints6 sac3d1
ppi_186,1,vamp8 snap25 stxbp1 syt4 stx3 stx2 doc2b doc2a unc13b stx1b cplx2
ppi_133,1,taf3 taf7 taf1 taf11 taf15 taf9 taf6 taf10 taf5 eny2 taf7l taf9b taf5l taf12 taf13 usp22 atxn7l3 supt7l taf2 taf4b taf6l pofut2 ercc1 atxn7l3b taf8
ppi_12,1,arhgap9 mapk3 mapk1 dusp1 rps6ka4 ier3 ptpn7 ptprr mapk14 ptpn5 gmfb dusp6 dusp4 dusp2 dusp5
ppi_107,1,btg2 cnot3 btg3 cnot8 cnot7 cnot2 cnot1 rqcd1 cnot10 cnot6l tnrc6c cnot6 popdc2
ppi_10,1,cd82 muc1 egfr ptk6 erbb3 erbb2 lrig1 btc anks1b erbb4 tgfa adam17 ctgf cmtm8 ereg hbegf
dense_99,1,
dense_96,1,hoxc4 otop2 peli3
dense_94,1,
dense_93,1,
dense_92,1,lgi3
dense_91,1,jrkl gpr132 wfdc5 card9 wfikkn2 acvrl1
dense_90,1,wfikkn2 myl2 htatip2 rufy4 cnga3 qrfp crygb cbln3
dense_9,1,wfdc5
dense_89,1,akap3 acvrl1 lgi3 spire2 nanp slc17a7 nms ntrk2 she dnajb7 grin1 tnfsf11 apol6 gng2 samd8 ssh2 cnga3 efcab2 aif1l ido1 dpysl4 myo7a hrk slco4a1 il18bp myo1e evx2 myl2 ankmy1 pirt hook1 rps6kb2 oxsm sla qrfp ing2 nr2f1 ubr1 lag3 ndrg1 jrkl eif4ebp3 traf3ip3 col11a2 rbl1 tulp2 myl7 gpr4 pde7a clic5 immp2l trmt5 crygb cse1l card9 eps8l1 ubxn11 dock8 efhd2 bub1 eif2b5 scarb2 tnk2 kidins220 pou4f2 spag7 slc25a46 recql plaur ap3s1 efs ppcs slc35a5 rasgrf1 crb2 smek2 arhgap31 arl6ip4 poc1b srp14 limk2 fam131c fmnl1 klhl36 ifi44 batf3 hist1h1b chpf2 dhdds dusp6 ppp1r9a mip nln cyc1 nudcd2 gabpb2 vcl rgma hist1h4b rbp2 capns1 ccdc42 krt18 acvr2b casc4 ticam2 slc35a4 fhl2 taf12 rab3ip dph2 poldip2 hdac9 hoxc4 gaa hoxc9 dsel cbln3 uros evpl fam129a tifa slc17a9 pold1 atad5 lace1 amn mns1
dense_87,1,otop2 sostdc1 wfikkn2 rufy4 wfdc5 myl2
dense_86,1,rufy4 wfikkn2 wfdc5 slc12a3
dense_85,1,dnajb7 qrfp
dense_83,1,wfdc5 htatip2 myl2 slc12a3 nanp rufy4 rasgrf1 noxa1 dnajb7 crygb tspan1 cd3g pcsk6 sostdc1 qrfp mxra7 tmem25 h6pd
dense_82,1,qrfp gng2 rasgrf1 akap3 tspan8 htatip2 ankmy1 lgi3
dense_80,1,evx2 acvrl1 she lgi3 akap3 traf3ip3 dpysl4 arhgap31 jrkl sostdc1 card9
dense_79,1,akap3 ido1 card9 ankmy1 heyl hoxc4 traf3ip3 gng2 il18bp dnajb7 nanp jrkl peli3 otop2 efcab2 hist1h1b ndrg1 sostdc1 hpca dok7 efhd2 oxsm ppl cnga3 acvrl1 dpysl4 tmem54 ap3s1 samd8 cdx2 dmrta2 sdccag8 spire2 arhgap31 prep aif1l myo1e kctd4 nms tjp2 gpr132 tram1l1 tcte1 ubxn11 snap47 gpr137c ntrk2 trmt5 slc6a18
dense_76,1,otop2 sostdc1 akap3 heyl gng2 nanp itk ndrg1 dnajb7 hoxc4 ppl hist1h1b apol6 cbln3 tspan8 trmt5 ccdc42 ap3s1 peli3 sla htatip2 dmrta2 hpca wfdc5 mdm2 krt18 lgals1 tram1l1 hrk nms crygc trit1 tmem54 ticam2 gsta4 hspe1 lgi3 slc22a4 ctsz spire2 acvrl1 mamdc4 slc6a14 kptn crip1 eif3h kctd4 grin1 dpysl4 s100a14 pou3f3 ttll5 slco4a1 prkag1 mapk8ip1 rufy4 azin1 inf2 arl6ip4 jrkl eif4ebp3 gata2 tspan1 sod2 dlx2 crygb
dense_72,1,acvrl1 jrkl il18bp akap3 evx2 evpl nms card9 dok7
dense_68,1,wfdc5 gp2 athl1 btd celf2 maf f8
dense_64,1,rufy4 otop2
dense_61,1,jrkl
dense_59,1,grin1 acvrl1 card9 otop2 sostdc1 il18bp hrk jrkl dok7 ido1 tram1l1 slc17a7 ntrk2 spire2 samd8 ftsj1 gng2 gpr132 ankmy1 hoxc4 heyl oxsm gpr137c arhgap31 nmral1 tnfsf11 gabpb2 peli3 metrnl myo1e tifa nanp ccdc103
dense_54,1,sostdc1 otop2 wfdc5 dnajb7 akap3 gng2 wfikkn2 crygb slc6a14 acvrl1 cbln3 hist1h1b fabp3 qrfp heyl crygc hpca hrk tspan8 htatip2 noxa1 efhd2 nanp hoxc4 arl6ip4 gdf11 scarb2 fam101a tifa
dense_50,1,otop2 dnajb7 acvrl1 grin1 hoxc4 nanp myl2 heyl ntrk2 gng2 hrk oxsm hpca srp14 sostdc1 rufy4 akap3 lgi3 hist1h1b cnga3 tnfsf11 she ankmy1 smek2 aif1l samd8 fbxl4 slco4a1 trmt5 cbln3 zfyve28 nms dpysl4 dock8 ticam2 efcab2 mip
dense_5,1,otop2 hoxc4
dense_49,1,
dense_34,1,akap3 apol6 nanp traf3ip3 jrkl gng2 tspan8 dnlz nms ido1 eps8l1 dnajb7 gabpb2 lgi3 aif1l rgma htatip2 ttc9
dense_26,1,otop2 sostdc1 dnajb7 rufy4 peli3 hoxc4 wfikkn2
dense_20,1,wfdc5 dok7 card9 akap3 tifa slc6a14 crygb nanp ccdc42 fabp3 traf3ip3 apol6 nms tspan8 ankmy1 gpr132 qrfp jrkl aif1l ido1 cd3g trmt5 gng2 myo1e hist1h1b
dense_16,1,wfdc5 htatip2 myl2 wfikkn2 rasgrf1 rufy4
dense_14,1,sostdc1 evx2
dense_12,1,akap3
TF: znf589,1,jak2 stxbp1 tox sash3 zcchc14 spata2l tnfrsf14 hdgfrp3 cast fbxw9 uspl1 rom1 fam117a snrpd2 fam83c nt5c2 chd9 ankrd42 gapdhs serf2 mgat4b tbc1d10a tmem39b slc39a4 rala smyd5 gadd45g gpnmb bzrap1 hey1 sbf1 serinc4 b3gat3 fgf1 csnk1e cdh15 nudt16l1 snapc2 ctxn1 kdelc1 pfn2 vim lamp3 apba1 krit1 sbsn pak6 qpctl fam13a cited2 dock5 mrps10 crbn mtx1 csnk1d abcc10 bivm reps1 gosr2 smtn dennd4b cd84 prmt7 stac2 sema3b hs3st6 eml3 cc2d1b ttf1 fsip1 slc7a6os eif6 hemk1 cpa1 thbs3 slc25a22
TF: zeb1,1,zbtb25 hpcal1 zc3h12a baiap3 adat3 sdhd dctn3 ahdc1 il17c lrrfip2 ptprcap rce1 tctex1d4 timm8b fignl1 tmem204 slc34a3 ywhaz cirbp ptpn6 thoc6 tmem63a hoxa7 rgs6 zbtb32 kdm6b zbtb7b mgat1 hdac10 fli1 cd81 taf10 rap1gap2 srms gas8 flna crtc2 glb1l nhlrc4 dnajc4 hes7 nr1d1 itpa ptp4a2 pcbp4 map2k3 zcwpw1 rnpepl1 junb arid1a socs1 rreb1 psmb10 ripk4 mxi1 fgfrl1 tspan31 abhd14b acadvl fam167b dvl1 emd pusl1 pygo2 maz mgat4b gcdh klf1 fam83h tubgcp5 vdac3 lck dgka aloxe3 mepce tmem121 crb3 abhd14a als2cl ppp1r14a lenep arhgef2 ydjc prap1 dlg4 ptpn7 rpl26 lpin3 slc35a3 alg3 lbh tgif1 flii igsf9b pfkfb4 bzrap1 dennd2d dusp2 npdc1 irf2bp2 stk16 ano9 zmynd8 tas1r3 hook2 efna3 zfp36 tnfrsf12a ctrl ets1 cmpk2 clic1 nme3 nbeal2 dbnl spint2 tmc8 arid5a gfi1 grb7 mvk tmem129 atxn1 mfsd3 wdr90 pigq gnb5 capn10 ccnd2 rps11 tfdp1 fam53b ggt7 bcl11b xkr8 irf6 deaf1 pomc sharpin fbxl3 uap1l1 cited2 snx10 plekhn1 ralgapa2 ltb fam195a mrps18a plec hcfc1r1 lta tmc6 mpp6 pla2g15 ddrgk1 irs1 ucn2 herc6 tmem80 ahnak cyhr1 chmp2a lef1 crip1 eef1a1 ccdc106 kifc2 tnf spsb3 tcf7 ercc6 pde6b ece2 slc25a23 ctsd tmem109 ptma gtpbp3 smad7 fank1 klhl17 luzp1 rgs11 prpf19 cxcr4 gata3 pdlim2 zbtb1 ifih1 prkar1b prrt2 zfp36l2 dhcr7 bbc3 tonsl plekhg2 caly maf1 ccdc116 dll4 mapk13 cse1l rbm38 ano8 slc16a3 eme2 pcgf1 tmie maea hoxb4 bcl6 mmab amdhd2 apeh lax1 myo5b vegfb ddah2 mrps34 traf7 acap3 hn1l nadsyn1 irf1 llgl2 tacc3 crip2 scamp4 dexi nfkb2 zc3h15 gemin7 tuba4a exoc3 sdccag3 bcl9l acss2
TF: zbtb16,1,wbp2nl ppp1r14c ndufb4 amot nup88 enthd1 alkbh8 grap2 ran gpr63 camk2g nfe2l1 tbl1xr1 setd8 tcp11l1 ece1 cdca7 afm ss18 abhd10 ccdc150 rangap1 ikzf5 tmem120a rnf165 sytl2 bcl2l1 lmcd1 eya1 fam114a1 itih2 ano1 rin3 mnt ybx1 sgpp1 dlx2 treml4 moxd1 lpar4 cyp7a1 dstyk rnf145 tgfbr2 nkx2-3 chm prkab2 vdac1 st6galnac6 esr1 kctd4 abhd4 foxo3 dad1 nupl2 foxa1 gpatch3 cdkn2b slc19a3 cdkn2a pigv glg1 sin3a rpain usp49 rassf5 ctcfl sub1 fabp1 rfk lrch1 mcl1 rnf183 mdm2 dlgap3 stk38l fam105a btbd10 cdk6 acadsb taf1 ctsk wdfy1 fam46c
TF: tal2,1,slc34a3 cirbp ptpn6 fasn kdm6b zbtb7b pkn1 nr1d1 map2k3 rnpepl1 fgfrl1 tspan31 pusl1 dph2 tnfrsf18 tubgcp5 dusp28 nfkbie nfatc1 phpt1 bzrap1 inf2 stub1 cend1 adora2a sh3bp2 tnfrsf4 tmc8 wdr90 capn10 git1 eef1d echs1 lrrc26 rassf2 lfng b4galt2 atp6v0b deaf1 sh3bp1 ndufaf3 rorc fam195a plec arid3a sirt7 tmc6 nrarp tmem80 cyhr1 sdf4 gnptg pex10 grifin rhbdl1 lzts2 paox mamdc4 dalrd3 gpr17 slc16a3 esrp2 lamp1 amdhd2 traf7 psd4 acap3 atp6v0c slc25a22 akt1 bcl9l
TF: stat5a,1,rdh12 ttc32 rdh5 ada pbxip1 tbx6 casp2 cxcr2 ctsw rxrb cfl1 gmfg cyb561 arhgap9 vps53 ager ptpn6 mlkl kif21a pex7 ccdc159 kdm6b zbtb7b pus10 cpsf7 mgat1 fli1 rnf167 nsl1 fyn ndst2 slamf7 nr1d1 hs6st1 tarbp2 prdm1 lmo4 btbd1 cldn12 rnpepl1 gsk3a junb arid1a rgp1 mxi1 fhl3 hic1 tspan31 dyrk1b klhl8 tspan18 cdkn1b map3k12 pygo2 vasn gpatch4 cib1 maz ccdc71 ube2l3 socs3 dgka dusp28 mapkapk3 ccdc28a rab3d cnih2 atad5 kif2a arhgef2 pex13 cited4 s100a5 tnni3 lix1l ncdn adcyap1 rere eomes ppcdc sdhaf2 ccdc85b snapin esyt1 eif2ak4 fgd6 bcat2 lbh lypd6 bzrap1 dennd2d ankmy1 shisa5 traf1 irf2bp2 hapln3 hs3st3b1 ccdc155 zmynd8 zfp36 hoxc9 tatdn3 klhdc8b zscan18 adrbk1 ets1 hoxa11 csk crem crlf3 slc25a4 clic1 wdfy3 alox12b adora2a ube2q1 cables2 gpd1l tmem41b ptger4 agbl2 ifrd1 cdkn1a srsf5 ccdc64b gfi1 agap2 atxn1 ccdc157 eif2b4 parp12 pcsk1 tnfaip3 nsun7 gpr61 ypel3 prdx2 thra cacnb4 egr1 ccnd2 slc25a11 zkscan5 camta1 rassf2 plxnc1 asxl1 rnasek eif4ebp3 bcl11b klf12 mus81 psmb8 ift20 sra1 hoxc8 rhoh klf6 sf3b1 ltb ppp1r12a lta rdh11 bcl6b pla2g15 pinx1 dbt hoxa10 nr4a2 hoxb5 cry1 gipc1 ptcd3 dpagt1 chd1 ahnak dixdc1 ddx25 gzmb lef1 selplg crip1 arid5b apoa1bp sf3a1 tnf tcf7 rnd3 utp11l twf2 bclaf1 tmem109 myl6 vav3 gtpbp3 smad7 abcc5 rgs16 fank1 hinfp polr1a dennd4a pus3 snrpc c1rl slc39a7 cxcr4 gata3 gmds cd46 tmem205 brd8 wdr81 prrt2 tnfaip1 asb7 hivep2 eef2k pfn1 c2cd2l atp10a zbtb2 helb vezt wnt1 kif20a lypd5 fibp csnk2a1 apbb1ip per1 mri1 cox10 ano8 slc16a3 esrp2 syf2 trib2 snx17 nans sec31a hoxb4 mgst2 adm bcl6 hemk1 cish mrps18b ddah2 rhof cdk4 cd53 mef2d irf1 llgl2 rab1b hdac7 lst1 tmem139 akt1 zfp112 rpl23a npff bcl9l
TF: sox12,1,csnk2b fyttd1 cd200 enox1 ptp4a1 ccnd3 mex3c fyn flna med25 sgtb nin prdm1 hoxb7 fbxl22 fam118b dyrk1b emd cyb561d1 ccdc71 pcdhb15 cyfip2 casp8 klhl7 tgif1 caprin1 npm1 klhdc8b ddx42 nhlrc3 hoxb6 hbp1 pias4 pitpnm2 ypel5 shmt2 slc35d3 ccnd2 setd7 chn2 apom sf3b1 reck pigv dlx5 smarce1 tnpo1 atad1 dixdc1 hnrnph1 lef1 usp15 ptma ralgds ccdc47 nln itgb8 fuz hist1h4k rpusd4 ptpn21 rpl11 pik3cg rnf38 nrm wdr1 zc3h14 hoxb8 gpank1 acrbp
TF: rxra,1,nol7 exd1 hspbp1 kcnk4 arhgef37 epha1 c1qtnf6 gfer rdh5 baiap3 kars trip10 cog6 pdrg1 hps6 tbx6 srebf1 col7a1 igfn1 tekt4 zgpat ulk3 rxrb tmem127 clcf1 fyttd1 abcg1 tpi1 ptprcap rce1 rara tctex1d4 gapdh ovol1 fgf3 tmem204 fabp6 nudc cfl1 serpina10 ssbp4 orai2 ciao1 mzf1 slc34a3 spata2l mylip plxna3 cirbp dda1 cbx4 ager ptpn6 tnfrsf14 nisch rnf44 tmem63a ptf1a gmip tomm40 zdhhc19 rasgrp2 hoxa7 igfbp6 ccdc51 fasn alkbh8 nsd1 nek8 umps kdm6b zbtb7b tmem52 elmo3 she kcnj5 prrx2 tifa golga4 bola2 hdac10 coro7 ythdf2 gmnn ap1ar them5 cyp26b1 pold4 amigo1 mrpl34 slmo2 pak4 taf10 nfxl1 ica1l chchd1 ppih aldoa ppp1ca smarca5 lsp1 kcnk6 gck mfap2 kcnk7 atp1a1 vsig2 cenpa grin2d tmem229b mta2 atrip plcd3 manf galk1 dyrk2 cic ndufa4l2 tarbp2 apoe setd8 odf3b ggt6 nphp4 nrgn akt1s1 tec pmepa1 polr2h prss33 dusp13 map2k3 abca2 ncln rnpepl1 meis3 tmprss3 rpl38 pnma2 btg4 ubiad1 junb mylpf tnip2 rbm15b socs1 rreb1 slc43a2 trim8 svopl chst12 alkbh7 fam101a tnni1 lysmd2 gak chd3 ccdc88b agpat1 fhl3 acoxl mutyh tspan31 cd6 abhd14b zbtb20 fam167b ccbl1 cd28 dyrk1b pusl1 cbx5 spop insig1 nbea atp5d dph2 hook1 ccdc9 map3k12 tnfrsf18 wdr83 ttyh2 isg20 runx1t1 vasn maz ccdc71 lamb2 tbc1d13 tmem161b tcte1 rpl13 socs3 arl16 catsper3 krt31 brd1 lck zswim3 dgka h3f3b aanat aloxe3 dusp28 mapkapk3 rad1 zkscan2 sdcbp2 msi2 hdac5 abhd14a mal2 nfkbie cnih2 tpmt setd3 cmc1 usp19 chac1 als2cl pspn inpp5a arhgef2 p4hb ltbp2 mtcp1 klhl21 fkbp2 fndc8 aars2 lrp4 acot8 ankrd9 omp rangrf slc25a1 s100a5 ccdc12 naa50 uxs1 ppm1m mnt akna dram1 ncdn ttk arl4c dnd1 hyi hpdl tle3 gtf2h4 abhd8 abca1 esrra ccpg1 tbc1d17 tepp fastkd1 adamdec1 sytl3 rqcd1 sar1a bcat2 alkbh6 fgr zik1 lbh flii tmem175 lrrc16a nfyc phpt1 atf3 glb1 prpf18 arpc1b sqstm1 mrps28 bzrap1 dennd2d mybbp1a exoc1 osr2 pltp ctrc hcn2 pja2 shisa5 capn1 hmha1 kank2 irf2bp2 hcst numbl kif2c fbxl5 tmem190 gpr108 tmem143 tusc2 emg1 got2 ripk3 pank1 wdr55 cdk2ap1 hook2 pam16 sh3tc1 pld2 frmd8 zfp36 hoxc9 arrb2 rnf157 arfip2 rab13 adcy3 wdr7 cep250 dhrs7c ighmbp2 fut11 lasp1 taf1c adrbk1 krt78 cttnbp2nl pcgf3 pgls pick1 bmf prosc ldb1 csk trap1 pigo spock2 elovl1 adora2a rnf145 nbeal2 sh3bp2 cd274 usp37 toe1 tmem132d bud13 ggnbp2 galnt7 fads3 caskin1 myo7a gltp brix1 dusp7 mtmr11 jund loxl1 nr4a1 tmc8 sema4c rnf5 ccdc64b atat1 nfkbid tut1 sf3b4 fam170a atxn1 tymp cacnb1 st6galnac2 terf2ip wdr90 nacc1 mrps31 dlgap4 pex12 zbtb9 dnajc22 eif2b4 plvap shmt2 ccdc17 snapc2 tspan1 slc7a6 git1 il2ra adprh set lefty1 gata2 itih3 cdca8 matn3 col27a1 rprd1b gnai2 lama3 cdrt4 actg1 sema3g vma21 ypel3 gbf1 lamp3 tmub1 cacna2d4 rarg kdm1b rps6ka1 smad3 eif3g rtn4rl2 thra rb1 ccnd2 csf3 cox5a fndc3a col11a2 trmt1 narfl lrrc26 ptchd1 paics guca1a pmf1 c2cd4a rassf2 tbc1d22a itsn1 clic3 brcc3 scnm1 vdac2 ttc36 arfrp1 lfng b4galt2 pkdcc plcg1 cd14 bcl11b atp6v0b panx2 vrk3 rnf208 lclat1 mus81 baz1b fam69a phb2 trabd ccnb2 mrpl21 slc38a5 zic1 raly gimap5 tbc1d10c crnkl1 skiv2l acly e2f4 fastk rgs19 mc1r cog4 rbm15 vars2 hoxc8 ncor2 man2b1 tnfaip8l2 rorc mknk2 atad3a samd14 atf4 bahd1 rnf151 c8g hgs cryzl1 pnpla6 fam195a ubxn7 ipo11 mad2l2 pelp1 ubxn11 plec gpatch3 lysmd1 reck lgr5 pkmyt1 jtb sirt7 tmco6 tmc6 cuta syngr3 fn3krp gpr26 psmd2 pnkp smpd2 cfb chpt1 foxe3 tmem86a ftsj1 ppat klf4 pdlim7 mdk tlcd1 ap1b1 efna4 ucn2 emilin1 tceb2 hnrnpa1 ryk stoml2 ahnak il23a hnrnph1 gsdmd chmp2a etfdh crip1 pigt brsk1 grsf1 mtf1 dync2li1 bid upp2 slc16a1 apoc1 fcgbp tagln2 ccdc60 ang itgb4 tcf7 fads1 osm ppp1r10 ppp1r9b cct7 hsd17b10 izumo4 loxl2 utp11l twf2 ring1 kpnb1 mafg ndufa2 ptma synj2 ilk ephb2 usp49 scoc proz qars ebna1bp2 ralgds agap3 slc6a18 fank1 oprl1 sh3bgrl3 nfkb1 mfsd5 aen c1ql4 slc39a7 slc25a35 azi2 gata3 grifin trim56 eif2b2 lztfl1 pcyt1b pabpn1l kcmf1 trappc3 rhbdl1 cachd1 syngr4 wdr81 ccnk spg11 nufip2 ik prrt2 dhx35 stx1a rpl19 rpl14 spsb2 marveld3 lzts2 coro1a mamdc4 snn slc45a4 pigw bbc3 acbd4 cntfr pfn1 plekhg2 rpl32 tyrobp tshz2 mlst8 taf13 dok5 anapc2 umodl1 slc39a1 adcy4 dio3 ubtf gmppa myc wnt1 paqr4 scap lrrn3 grina kdelr1 mrpl43 c2cd2 zscan2 sf3b3 apc2 cnn2 dpep3 pitx3 tti1 taf6l parp10 tshr tbl3 mrpl4 cse1l patl1 pnpla2 ssna1 mrpl11 fscn2 gpr17 pip4k2c per1 lrch1 rbm38 yif1b fip1l1 ctage5 slc16a3 plcb3 dpp8 scyl3 slc2a4 snrpf clcn2 usp2 rcc1 pddc1 arhgdia mta1 tmie pdpk1 snx17 shbg adad2 ftcd myo1g nup210 atp6v1a trim3 soat2 usp13 vps54 relt adm bcl6 b4galt4 scarf1 tbrg4 ppil6 klf11 vegfb lcn12 lrrc8a mapk7 chrm4 il19 sh2d3c cish tomm22 mrps18b rnase4 slc19a1 rhof atp6v0a2 ankrd13b pbx2 psd4 acap3 bard1 mef2d nt5dc1 dchs1 fbxw5 cyp1a1 sigirr midn s100a6 gli1 ankrd39 mtfp1 mycn hspa1b rab1b zic4 nr0b2 pomgnt1 pgp il15ra crip2 samd1 eng coro6 ephx4 smarcd1 prss22 p2ry6 iffo1 nfkb2 bhlhe40 hdac7 kptn noxo1 tnnc1 sat2 prr7 rrp8 slc25a22 lhx2 vps13c akt1 ppp1r14b tm7sf3 ndrg2 pcyt2 mapkapk2 ptch1 creb3l4 rpl23a npff prkcdbp tmem25 bcl9l ap2b1 klf15
TF: runx2,1,hpcal1 cox11 ndufs8 lcat mapt nlrp3 tmem204 aspdh plekhh3 rasgrf1 gng4 cirbp batf3 ptpn6 isyna1 grik5 cops4 sh2d2a stxbp4 map3k14 ccdc51 ntrk1 psen1 kdm6b zbtb7b pdcd1 agpat3 angpt2 mllt6 zdhhc8 ski ctnnb1 letm2 gjc2 lsp1 rbm4b ssbp3 tjp2 hoxc10 fam173a zc3h12d atrip foxs1 cic suv420h2 traf3ip3 bak1 b9d1 rnpepl1 pycrl socs1 pde6d psmb10 tspan31 erbb2ip trim45 tnfrsf18 mul1 cxxc1 zdhhc11 gyltl1b dusp28 mapkapk3 csrnp1 arsa tmem216 nadk fkbp2 s100a5 naa50 aak1 josd2 lbh tctn1 bhlha15 thap11 dusp2 pja2 ano9 sbf1 zfp36 ankrd24 cops7b csk adora2a sirt6 tnfrsf4 laptm5 tmc8 pex16 gpr68 tmem129 rps21 wdr90 shmt2 nkd2 git1 abhd16b tmem39a rarg rps6ka1 herpud1 mfsd10 fam53b tmem115 sobp lfng hck plcg1 asb1 trabd repin1 usp45 tcirg1 ptpn22 rbm15 npc1 rorc fam195a sssca1 plec zfyve28 ppy tnfsf14 nprl2 tmc6 itgb7 mbd1 cyb561d2 slc4a2 tssc4 lyl1 dpagt1 ahnak crip1 map2k1 cdk5 tcf7 glg1 hsh2d dohh impdh1 zhx3 sfxn5 grifin wdr81 zfp36l2 bbc3 arhgap1 metrn ehbp1l1 cops6 wnt1 whsc1l1 mkl1 sema4d plcb3 brd9 s100a11 atp6v1a bcl6 rpl11 pi16 pwp1 mapk7 cish slc19a1 rhof ankrd13b mef2d s100a6 pth1r tacc3 ptdss2 pomgnt1 hdac7 slc25a22 zmynd10 gzma ppp1r14b acot11 bcl9l
TF: pgr,1,fam131a disc1 phc2 snx33 rxrb rnf19a nkiras2 fignl1 slc22a18 ptpn6 pgam2 mlf1 slc50a1 btbd7 cpne7 kdm6b zbtb7b fmnl1 nos1ap taf10 aldoa lsp1 cpsf3l glb1l slc23a1 ndufa4l2 atp2a3 scgb1c1 nphp4 golt1b vdr ptp4a2 rnpepl1 arid1a lrp8 gnb1l amica1 myl6b acoxl sprr4 ulbp1 cdkn1b gigyf1 zdhhc11 lyst dgka hmbox1 ldoc1l mphosph6 aloxe3 hnrnpl mapkapk3 haao lsm1 nfkbie als2cl calm3 arhgef2 recql ptpn7 wdr27 ppm1m akna ttc33 bmpr1a ccr7 grid1 mrpl9 txlna tbx1 ascl3 bzrap1 dennd2d stk16 eif4g1 zmynd8 fstl3 rps13 tas1r3 sh3tc1 gpr45 fgf18 oaz3 ptbp1 srgap3 dennd2a lpcat1 ube2f ldb1 csk imp3 unc5a clic1 ube2q1 pik3r2 laptm5 ruvbl2 tmem38a bcl3 zbtb9 txnrd2 shmt2 arhgef1 dtnb fam65c vamp5 bag4 vamp4 calb2 col11a2 gng8 micall2 mafk tmem115 lctl ints8 plekhg3 cep70 rictor ppt2 ptgr1 phyhd1 lgals8 rpl37a rorc ltb nprl2 lta cuta cyb561d2 ppig igdcc3 appl1 plagl2 qrfp emilin1 ahnak cars decr1 abhd11 fubp1 dnajc7 tnf tagln2 ints9 ccdc59 pofut1 tcf7 ly86 twf2 ring1 myl6 cacna1i sag vamp8 clcnkb slc39a7 fads6 msh5 med16 arid3b lzts2 snn comt scfd1 kcne1 ssna1 per1 odf3 cdkn1c efna1 tmie gpx4 smyd2 bin3 cish tnk2 fcgrt ddah2 prame gys1 rnf38 psd4 mef2d prrt1 snai3 wnk4 hdac7 slc25a22 zmynd10 lst1 exoc3 fabp3 akt1 bcl9l
TF: nr3c1,1,stat5a gsto1 fam131a ahdc1 tpp1 phc2 wnt3a snx33 rxrb phc3 clcf1 ulk1 tctex1d4 nkiras2 tmem204 slc22a18 gtf2f2 cyb561 ptpn6 ampd2 disp2 hsd11b1 slc50a1 usp21 tnfaip8 med24 kdm6b zbtb7b fmnl1 nos1ap ap1m1 slmo2 taf10 stc1 sec22b b3gnt2 crtc2 glb1l sun2 zc3h12d nr1d1 tcea2 slc23a1 galk1 ndufa4l2 atp2a3 scgb1c1 asf1a map2k3 rnpepl1 tmod2 arid1a tnip2 polr3g myl6b slc17a9 scnn1a birc3 adamts4 kbtbd3 aqp6 abhd14b def6 arrb1 pusl1 ptprj ulbp1 hist1h4f stat5b cdkn1b anapc4 tnfrsf18 ccdc71 coro2b rin1 pts zdhhc11 tcte1 dclk3 bap1 yod1 erbb2 hps5 dgka tspan14 aloxe3 dusp28 hnrnpl mapkapk3 slc35e1 stk4 pramef12 lsm1 abhd14a nfkbie commd2 gsto2 cib2 als2cl arhgef2 tgif2 rnf7 ptpn7 aars2 dnajb7 s100a5 ppm1m akna hoxc4 dusp6 safb2 dusp12 pgap3 ccdc85b ccr7 astl tnks1bp1 grid1 lbh txlna tbx1 alad ppox phpt1 bzrap1 dennd2d dusp2 s1pr4 tgm7 dhx36 prcc pik3ip1 tie1 stk16 gpd1 sbf1 hist1h1d vill rfesd egfl7 rps13 aqp5 pitpnc1 tas1r3 hook2 mblac2 cdc25c cend1 fbxo32 lemd2 acp2 bmp1 lasp1 lpcat1 tnfrsf8 atp6v0d1 bmf ube2f gtf2b ldb1 csk imp3 unc5a mmrn1 clic1 wsb1 mmel1 sh3bp2 ing1 tnfrsf4 ccdc85a rplp2 atp13a1 pik3r2 mtmr11 st13 laptm5 tmem38a tmc8 cdkn1a hbs1l sf3b4 nckipsd slc39a13 tmem55b shmt2 arhgef1 eif1ad vamp5 bag4 fxyd1 rarg thra agrp gng8 pax6 tbc1d22a fam53b rogdi tpt1 tmem115 smarcd3 plekhg3 fcho2 ell2 apba3 rictor pomc fndc7 rgs19 xpnpep3 rrp1 dusp1 vamp2 foxred2 hoxc8 snx10 klf6 rorc sf3b1 mrpl54 etnk2 ltb banf1 foxa1 kcnj1 plec gatsl3 pepd nprl2 anapc10 lta tmc6 cuta cyb561d2 flnc igdcc3 dnm2 ucp3 emilin1 safb uckl1 ahnak cars chmp2a tpm2 nos2 crip1 ip6k3 med30 lgi4 decr1 abhd11 dnajc7 tnf tagln2 map2k1 ccdc59 tcf7 ppp1r9b ly86 lekr1 twf2 ring1 sin3a pnmt ahcyl1 ptma myl6 zcchc24 map3k6 rassf5 fxyd7 vamp8 oprl1 obscn slc39a7 fads6 cxcr4 grifin kcnab2 msh5 stac2 prkcd trappc3 crebbp il5 prkar1b mrps12 lzts2 mamdc4 snn asb7 cndp2 qtrtd1 cat anapc2 slc39a1 cebpd tulp4 hoxc6 ilf3 dnase1l2 mansc1 fam53c pnpla2 ssna1 pole3 gpr17 per1 scn4b odf3 cdkn1c ano7 nr1h3 efna1 phf7 fam132a tmie hspa4 agfg2 rnf183 myo1g capn3 smyd2 bcl6 fosl1 tbrg1 cish tnk2 fcgrt ddah2 abce1 rhof traf7 pfkfb2 psd4 acap3 mef2d chd4 midn snai3 s100a6 ltbr mtfp1 crip2 eng lsr ndufs2 cilp hdac7 aasdhppt slc25a22 hist1h3e zmynd10 pdk2 lst1 exoc3 fabp3 akt1 sla creb3l4 bcl9l
TF: nfatc2,1,tm9sf2 pbxip1 elk3 arl6ip5 mynn ppp1r1b s100a4 arid4b ptpn6 kdm6b zbtb7b atn1 fli1 mgat4a fyn klf3 fastkd5 prdm1 lmo4 hmx2 tap1 trim8 nr4a3 adamts6 tspan31 s100a3 cdkn1b rspry1 adpgk pygo2 tspan14 dusp28 mapkapk3 hist1h4i csrnp1 sesn1 arhgef2 foxb1 ptpn7 s100a5 ppm1m lix1l eomes b4galt3 lbh tgif1 irf2bp2 cep57l1 zmynd8 trerf1 hoxc9 polr3gl adrbk1 hoxa11 nr3c2 foxn3 foxj3 gfi1 agap2 socs2 tnfaip3 fam192a egr1 ccnd2 pax6 stard3 rassf2 stx16 etv6 bcl11b s1pr1 fyb psmb8 irf2 hoxc8 klf6 rorc mbnl2 ltb ubox5 pigv hoxa10 nr4a2 plagl2 dixdc1 lef1 crip1 arid5b klf7 tnf ankrd34a pofut1 tcf7 bcl9 twf2 smad7 foxp1 cxcr4 zfp36l2 wsb2 slc38a2 myo1g gnas bcl6 znfx1 anxa6 rhof brd2 bub3 s100a6 bhlhe40 zeb2 ggps1
TF: mxd1,1,slc34a3 cirbp ptpn6 fasn kdm6b zbtb7b pkn1 nr1d1 map2k3 rnpepl1 fgfrl1 tspan31 pusl1 dph2 tnfrsf18 tubgcp5 dusp28 nfkbie nfatc1 phpt1 bzrap1 inf2 stub1 cend1 adora2a sh3bp2 tnfrsf4 tmc8 wdr90 capn10 git1 eef1d echs1 lrrc26 rassf2 lfng b4galt2 atp6v0b deaf1 sh3bp1 ndufaf3 rorc fam195a plec arid3a sirt7 tmc6 nrarp tmem80 cyhr1 sdf4 gnptg pex10 grifin rhbdl1 lzts2 paox mamdc4 dalrd3 gpr17 slc16a3 esrp2 lamp1 amdhd2 traf7 psd4 acap3 atp6v0c slc25a22 akt1 bcl9l
TF: maz,1,jmjd8 ahdc1 rxrb rara slc34a3 cldn6 cbx4 thoc6 isyna1 kdm6b zbtb7b rcor2 cic pcbp4 junb trim8 fgfrl1 abhd14b pusl1 atp5d maz mgat4b socs3 neu4 abhd14a lenep fkbp2 nfatc1 mnt tle3 phpt1 atxn7l3 stub1 trerf1 hmga1 hook2 efna3 zfp36 tnfrsf12a ldb1 thra ccnd2 gng8 lfng ufsp1 ache ltbp4 bahd1 kiss1r plec arid3a hcfc1r1 cuta mapk11 slc4a2 klf16 ahnak crip1 cdk5 slc39a7 grifin rhbdl1 prrt2 zbtb7a ubtf plcb3 tmem63b acap3 midn nfic mrpl14 slc25a22 ppp1r14b rpl23a bcl9l
TF: irf8,1,stat5a usf1 ccdc109b tnfsf15 psma4 lcat nlrp3 arid4b fgl2 apol6 wbp4 grik5 wars agpat3 pvrl4 pcna fli1 bst2 hist1h4a fyn nub1 dapp1 raf1 slc15a3 med13 bak1 map2k3 tnfsf10 fgf9 hist1h2ak socs1 tap1 prkd2 psmb10 adamts6 rps12 il15 ankrd16 cds2 nkx3-1 fmr1 plekha3 arhgap5 nr2c1 ehd1 zbtb22 scly fam65b sgpp1 nsun6 nfkbiz ifit1 erap1 klhdc9 hist1h3b dennd2d lrba fam129a dhx58 rab19 acp2 kif18a ctrl tapbp sp110 nr3c2 igf1 agbl2 usp42 tap2 krr1 prkab2 psmb1 agrn hist1h2bm arl5b fkbp7 f12 mov10 isy1 chfr dhrs3 zfp36l1 plxnc1 rtp4 dusp5 mtif3 ccdc6 psmb8 rpl27 npc1 brd3 tab1 bank1 apc ifit3 hist1h2bn b2m sp140 clec16a itgb7 daxx hist1h3a rgmb slc37a3 ifi35 nr4a2 hoxb5 pmvk herc6 cdkal1 gprc5b isg15 usp15 tbp map3k5 dcun1d5 ciita osm tlr3 ly86 sh2b3 mdc1 rusc1 dennd4b tnfsf13b foxp1 ddr1 ccdc113 ly6e sik3 pdlim2 zfp36l2 klf9 hist1h2ai lbx1 cntfr cndp2 batf atp10a hist1h4b grina c2cd2 rsf1 wdr25 parp10 hist1h4k hist1h2bl hist1h2ab hoxb4 heg1 kat2a lmna lmo2 scml4 fat4 dexi fbxo18 mx2 rgs3 ggps1 srsf7
TF: irf5,1,stat5a usf1 ccdc109b tnfsf15 psma4 lcat nlrp3 arid4b apol6 wbp4 grik5 wars pvrl4 pcna fli1 bst2 fyn nub1 dapp1 bak1 map2k3 tnfsf10 socs1 tap1 prkd2 psmb10 adamts6 il15 ankrd16 cds2 nkx3-1 fmr1 arhgap5 nr2c1 ehd1 zbtb22 scly nsun6 nfkbiz ifit1 erap1 klhdc9 dennd2d dhx58 rab19 acp2 kif18a ctrl tapbp sp110 nr3c2 agbl2 usp42 tap2 psmb1 agrn arl5b mov10 isy1 chfr zfp36l1 plxnc1 dusp5 mtif3 ccdc6 psmb8 rpl27 npc1 brd3 tab1 ifit3 b2m sp140 clec16a itgb7 daxx slc37a3 ifi35 nr4a2 hoxb5 cdkal1 isg15 tbp map3k5 ciita osm tlr3 ly86 sh2b3 mdc1 rusc1 dennd4b foxp1 ddr1 ly6e sik3 pdlim2 klf9 lbx1 cntfr cndp2 batf grina c2cd2 rsf1 wdr25 parp10 hist1h2ab hoxb4 kat2a lmna lmo2 scml4 dexi fbxo18 rgs3 ggps1
TF: gabpb2,1,fbxo36 idi1 mon2 tmem127 fermt3 tmem204 s100a4 ciao1 sec24a vps53 ager ptpn6 naa15 tmed3 lrrc29 kdm6b zbtb7b nsmce1 c2cd3 rnf167 ppp1ca glb1l nthl1 rbm22 phrf1 uqcrh tarbp2 map2k3 rnpepl1 gatad1 junb ccdc130 tspan31 abhd14b fam167b ccdc71 mapkapk3 slc35e1 crb3 abhd14a csrnp1 nfkbie usp19 arhgef2 ptpn7 s100a5 tmem208 ppm1m ccdc85b rpl7l1 ndufc1 lbh slc27a5 elac1 fbxw2 bzrap1 stk16 klhdc8b ddx5 acp2 csk pigo adora2a tmem41b ggnbp2 mlycd nmnat1 laptm5 tmc8 pwp2 agap2 ccdc157 rps21 git1 fuca2 gnai2 zbtb45 tmub1 rps6ka1 col11a2 slc25a11 zkscan5 zkscan1 rassf2 pomp tsc2 fam46a trip12 lfng aspscr1 wdr37 tbc1d10c fastk rorc ltb plec tmc6 bcl6b lrrc41 dpagt1 stoml2 ahnak fam168b ccdc106 sf3a1 tnf tcf7 zscan21 sh2b3 arap1 twf2 slc25a23 lzic agap3 rbm34 grifin abi3 rhbdl1 pdlim2 wdr81 ttpal prrt2 kti12 pigw pfn1 c2cd2l eif5a2 tsen54 tfg myo19 fibp per1 rbm38 rhot2 mad2l1bp cish rhof ankrd13b sbno2 psd4 mef2d s100a6 llgl2 hat1 zbtb34 slc35b2 hdac7 caskin2 akt1 bcl9l ppme1
TF: foxd3,1,add3 id2 coq5 adss cnot4 prr13 tspan5 naaa ap2s1 pcna cyp26b1 sgtb pik3c2b heatr1 suv420h2 prdm1 ermn clcn3 ddx55 sri rftn1 rreb1 chst12 echdc1 adamts6 cflar nkd1 cds2 vps35 lyst aldh9a1 arhgap21 skap2 nek1 plcxd2 tle3 snx1 csgalnact2 btg1 hipk3 ept1 fbxo9 trerf1 acsl5 orc6 kdm3a nab1 itpr3 fam63a galk2 atp5j2 foxn3 ambra1 cox7c kifap3 sf3b5 hcls1 zfp36l1 fam53b nedd9 slc39a8 satb1 rgmb commd3 taf7 prkcq prune gale arid5b klf7 rnf4 mre11a lcorl shfm1 hint2 fam96a npm3 fank1 snrpc ndufv2 egr2 arid4a foxl2 zmpste24 cpt1a nln ptpn4 klhl28 fbxw7 rnf10 stx3 runx1 mb trib2 fgf8 senp1 fam179b gpr161 etv5 pxn bcl6 ankrd49 ick neo1 etv1 med15 csnk1g3 zeb2 pi4kb tcf12
TF: fli1,1,ctsw rara fermt3 tmem204 s100a4 pstpip1 skap1 cirbp dda1 ager ptpn6 kdm6b zbtb7b mrpl34 rnf167 ppp1ca srms glb1l gpsm3 tarbp2 krtap17-1 pik3r1 map2k3 rnpepl1 asb2 junb tspan31 abhd14b fam167b eno3 mgat4b lck mapkapk3 abhd14a csrnp1 nfkbie arhgef2 ptpn7 f11r s100a5 ppm1m abhd8 ccdc85b ccr7 fgr lbh dazap2 bzrap1 dgkz stk16 arrb2 csk adora2a ikbke laptm5 cd82 tmc8 sema4c agap2 arhgef1 git1 gnai2 rps6ka1 col11a2 slc25a11 rps11 rassf2 lfng tcirg1 tbc1d10c tbc1d1 rorc ltb sssca1 plec tmc6 bcl6b nr4a2 dpagt1 ahnak selplg tnf tcf7 sh2b3 arap1 twf2 rassf5 grifin abi3 pdlim2 wdr81 prrt2 coro1a pfn1 c2cd2l ehbp1l1 fibp per1 rbm38 fgd3 prr5 nup210 scarf1 cish rhof ankrd13b pbx2 psd4 mef2d s100a6 slc35b2 hdac7 tuba4a lst1 akt1 bcl9l
TF: etv4,1,ppp1r1b ptprcap fermt3 tmem204 s100a4 shc1 ager ptpn6 rnf44 kdm6b zbtb7b rnf167 ppp1ca glb1l tarbp2 map2k3 rnpepl1 junb tspan31 abhd14b fam167b maz dgka dusp28 mapkapk3 abhd14a csrnp1 nfkbie arhgef2 fkbp2 ptpn7 s100a5 samd10 ppm1m ccdc85b lbh bzrap1 stk16 zfp36 csk adora2a u2af2 laptm5 tmc8 agap2 muc4 git1 gnai2 rps6ka1 col11a2 slc25a11 rps11 rassf2 cd68 lfng mus81 tbc1d10c rorc ltb plec lta tmc6 bcl6b dpagt1 ahnak ccdc106 tnf tcf7 sh2b3 arap1 twf2 grifin abi3 pdlim2 wdr81 prrt2 pfn1 c2cd2l fibp per1 rbm38 glyctk cks1b vegfb cish ddah2 rhof ankrd13b psd4 mef2d s100a6 slc35b2 hdac7 tuba4a lst1 akt1 ppp1r14b bcl9l
TF: e2f4,1,gfer rab34 lsm3 ebf3 atf6b dnaja3 calm2 rbl1 zgpat hnrnpa2b1 arglu1 drap1 gapdh msl1 dpy19l3 fignl1 polr2l irx4 prkce sphk1 cirbp cbx4 irf4 actr1b mcm5 agpat3 pcna coro7 gmnn tubb2b morf4l1 ski rnf167 lmnb1 ssbp3 kdelc2 sec22c fam173a dis3 creg2 tiam1 lmbrd2 adk cic atxn2l cdca7 hmx2 zcwpw1 tuba1b nup155 irs2 gsk3a junb exoc6 skp2 ppp2r5a bmi1 spag6 fgfrl1 gemin4 hic1 ppp1r13l srpr erbb2ip cdkn1b atp5d ctdspl2 maz cds2 stt3b smc3 gins1 dusp28 rac3 mepce arhgap21 hes1 hist1h4i atad5 fkbp2 nfatc1 id3 mnt tnrc18 hpdl ccno slc35a3 exo1 smarcd2 esyt1 flii srsf10 dck atf3 zpbp2 matr3 ikzf3 irf2bp2 stk35 hmga1 cpeb2 ears2 txndc12 ubfd1 kbtbd7 fkbpl kremen2 gpr155 alkbh5 rpa2 hist1h2ah trim41 crlf3 nr3c2 zbtb8os nle1 ube2q1 ggnbp2 dnajb14 bcl2l11 cdc7 aldh16a1 snrnp70 aprt tmem129 hist1h2bm foxc1 shmt2 hmx3 snapc2 git1 ctxn1 slbp pih1d1 actg1 tmub1 prdx2 uhrf1 ccnd2 narfl slc25a11 pax6 apom cd68 e2f2 tm9sf1 foxo3 arfrp1 ngdn srsf1 wbp2 nasp xpc luc7l2 cd151 dmtf1 fastk h2afv stag1 hist1h1b ralgapa2 clk2 fam195a kiss1r arid3a tmem132e dpysl2 slc5a6 cyb5rl cdk10 vta1 cbx3 mcm2 commd3 hist1h2bk appl1 mga tlcd1 tspan4 klf16 atpaf1 dixdc1 zmynd19 tmem14a rps10 crip1 arntl pgd foxred1 rpl17 ifnar1 igf1r cdc6 cdt1 sin3a kpnb1 h2afz col1a1 tmem109 ptma dock2 cad hells ate1 klf13 nolc1 agap3 ipo4 pibf1 cd3eap prpf19 anp32a grifin rhbdl1 cbx8 prrt2 hist1h2bj pigw hist1h2ai bbc3 pfn1 mcm6 pcif1 mrpl37 sfmbt2 btf3l4 mlst8 zbtb7a arrdc5 slc39a1 ubtf hoxa9 arvcf paqr4 tsen54 fiz1 tmx1 mlec wdr70 ilf3 myo19 pnpla2 chrnb2 eme2 lpcat3 tssk4 hist1h2bl slc16a6 gnas sec31a dnmt1 vegfb zc3h10 mrps34 ankrd13b bub3 acap3 unc45b ctcf hnrnpd midn hcn3 tacc3 pgp nfic hist1h2ag crebzf ap3m1 rps15 noxo1 rassf7 hes3 rpl23a
TF: crx,1,trip10 fam131a rxrb ovol1 nfkbib mrpl24 cnot4 fbxl19 zbtb7b sp2 pold4 ipmk cxxc5 ccdc124 tarbp2 pik3r1 etv2 nat6 svopl cox6b1 map3k12 tmem30a tbc1d10a tubgcp5 s100a5 bckdha esyt1 slc25a46 rtn3 med12l polr2g gpr108 clic1 noc4l dnajc19 shmt2 hyal3 ifrd2 tmem134 nucb2 tigd2 apom hdgf ctbp2 slc25a42 rhoh pnpla6 idh2 ddx51 sidt2 exosc5 tmub2 cisd1 mgea5 tcf7 ring1 rab3a prdm8 impdh1 fank1 sirt2 slc39a7 msh5 per1 nipbl ddah2 zc3h10 pold2 cdk4 calr s100a6 mycn llgl2 npff
